open_time,open,high,low,close,volume
2024-01-01 00:00:00,42283.58,42554.57,42261.02,42475.23,1271.68108
2024-01-01 01:00:00,42475.23,42775.0,42431.65,42613.56,1196.37856
2024-01-01 02:00:00,42613.57,42638.41,42500.0,42581.1,685.2198
2024-01-01 03:00:00,42581.09,42586.64,42230.08,42330.49,794.80391
2024-01-01 04:00:00,42330.5,42399.99,42209.46,42399.99,715.4176
2024-01-01 05:00:00,42399.98,42406.0,42180.77,42234.01,736.53152
2024-01-01 06:00:00,42234.01,42424.82,42208.68,42396.69,601.3725
2024-01-01 07:00:00,42396.69,42500.0,42396.68,42492.46,653.67718
2024-01-01 08:00:00,42492.46,42556.5,42452.58,42549.99,427.19365
2024-01-01 09:00:00,42550.0,42699.32,42537.18,42649.69,879.62491
2024-01-01 10:00:00,42649.69,42749.36,42628.0,42691.1,856.81851
2024-01-01 11:00:00,42691.1,42762.39,42605.21,42690.2,785.16567
2024-01-01 12:00:00,42690.21,42780.0,42611.45,42648.38,785.52851
2024-01-01 13:00:00,42648.37,42748.0,42612.76,42715.54,497.2024
2024-01-01 14:00:00,42715.54,42715.55,42580.0,42612.24,711.01152
2024-01-01 15:00:00,42612.24,42847.07,42586.51,42783.05,942.70163
2024-01-01 16:00:00,42783.05,42856.0,42664.42,42725.15,918.71056
2024-01-01 17:00:00,42725.15,42824.9,42704.42,42812.7,677.33678
2024-01-01 18:00:00,42812.71,43208.86,42812.7,43111.1,2143.30897
2024-01-01 19:00:00,43111.1,43550.0,43103.64,43517.99,1947.61533
2024-01-01 20:00:00,43517.98,43829.99,43510.71,43687.86,2905.07295
2024-01-01 21:00:00,43687.85,43792.59,43480.76,43619.21,1541.59126
2024-01-01 22:00:00,43619.22,43661.1,43361.6,43529.93,1024.36372
2024-01-01 23:00:00,43529.94,44184.1,43529.93,44179.55,3475.97051
2024-01-02 00:00:00,44179.55,45200.0,44148.34,45056.0,6986.25967
2024-01-02 01:00:00,45056.0,45372.79,44686.0,44855.96,4397.86376
2024-01-02 02:00:00,44855.96,45381.42,44855.95,45378.96,3016.04235
2024-01-02 03:00:00,45378.96,45500.0,45131.1,45402.38,2693.12081
2024-01-02 04:00:00,45402.38,45468.99,45170.0,45179.8,2268.27572
2024-01-02 05:00:00,45179.8,45324.72,45121.96,45179.48,1617.2842
2024-01-02 06:00:00,45179.48,45308.15,45130.0,45168.75,1390.33832
2024-01-02 07:00:00,45168.75,45643.75,45168.74,45455.53,3112.52478
2024-01-02 08:00:00,45455.52,45852.93,45326.6,45759.3,3323.21707
2024-01-02 09:00:00,45759.3,45879.63,45631.1,45673.48,2096.46195
2024-01-02 10:00:00,45673.48,45711.1,45431.52,45584.99,2069.22249
2024-01-02 11:00:00,45585.0,45698.67,45200.0,45433.99,2538.49307
2024-01-02 12:00:00,45433.99,45589.68,45271.04,45301.99,2128.11147
2024-01-02 13:00:00,45302.0,45705.8,45264.39,45637.93,2253.76868
2024-01-02 14:00:00,45637.92,45800.0,44970.0,45258.73,4553.21243
2024-01-02 15:00:00,45258.73,45349.98,44833.33,45184.82,4301.03657
2024-01-02 16:00:00,45184.83,45399.84,44890.11,45357.84,3052.23783
2024-01-02 17:00:00,45357.84,45382.08,44950.48,44966.15,2540.00308
2024-01-02 18:00:00,44966.16,45271.2,44944.0,45154.69,1806.0773
2024-01-02 19:00:00,45154.7,45243.0,44790.96,45039.49,2347.28624
2024-01-02 20:00:00,45039.49,45180.55,44742.96,44788.28,1940.02489
2024-01-02 21:00:00,44788.27,45119.76,44600.0,45119.74,2043.74183
2024-01-02 22:00:00,45119.74,45297.26,44840.01,44981.73,1591.57491
2024-01-02 23:00:00,44981.72,45049.98,44802.01,44946.91,1080.22719
2024-01-03 00:00:00,44946.91,45212.57,44862.11,45135.61,1410.31904
2024-01-03 01:00:00,45135.61,45329.83,45102.72,45317.58,1166.18095
2024-01-03 02:00:00,45317.58,45410.91,45211.73,45274.57,1434.81631
2024-01-03 03:00:00,45274.57,45310.0,45151.91,45262.69,739.36966
2024-01-03 04:00:00,45262.7,45272.16,45115.59,45183.45,796.786
2024-01-03 05:00:00,45183.45,45294.11,45118.91,45172.13,849.38832
2024-01-03 06:00:00,45172.12,45363.19,45160.0,45326.93,1264.55564
2024-01-03 07:00:00,45326.92,45384.84,44940.93,45011.77,1780.38521
2024-01-03 08:00:00,45011.77,45200.0,45001.1,45200.0,1462.95207
2024-01-03 09:00:00,45200.0,45500.0,45185.39,45344.67,2006.28796
2024-01-03 10:00:00,45344.66,45398.37,45045.95,45151.91,1918.59612
2024-01-03 11:00:00,45151.91,45174.07,43500.0,43702.88,7849.69163
2024-01-03 12:00:00,43702.89,43716.0,40750.0,42789.38,20155.46959
2024-01-03 13:00:00,42789.39,42820.92,42310.0,42529.4,5587.0456
2024-01-03 14:00:00,42529.4,42532.0,42050.0,42179.99,4566.2886
2024-01-03 15:00:00,42180.0,43009.02,42175.14,43000.01,5175.34831
2024-01-03 16:00:00,43000.01,43567.92,42773.34,42992.67,6973.81609
2024-01-03 17:00:00,42992.68,43034.59,42600.0,42906.0,2945.17641
2024-01-03 18:00:00,42906.0,43050.0,42000.0,42255.72,3314.04996
2024-01-03 19:00:00,42255.72,43011.1,42161.1,42596.67,3662.29946
2024-01-03 20:00:00,42596.66,42846.17,42518.7,42721.02,1931.53987
2024-01-03 21:00:00,42721.02,42966.27,42581.1,42917.62,1692.53055
2024-01-03 22:00:00,42917.61,42941.1,42596.24,42749.68,1385.88591
2024-01-03 23:00:00,42749.69,42845.23,42591.09,42845.23,1125.77247
2024-01-04 00:00:00,42845.23,42983.77,42754.0,42874.01,1619.84247
2024-01-04 01:00:00,42874.0,42936.79,42613.77,42708.01,1337.96527
2024-01-04 02:00:00,42708.01,43219.36,42690.02,43138.49,1256.1727
2024-01-04 03:00:00,43138.5,43220.56,43002.15,43102.8,1274.15811
2024-01-04 04:00:00,43102.79,43200.0,42955.5,43149.99,1080.01392
2024-01-04 05:00:00,43149.99,43273.08,43072.7,43183.74,971.30246
2024-01-04 06:00:00,43183.74,43232.95,43086.59,43155.46,989.98669
2024-01-04 07:00:00,43155.46,43261.64,42756.97,42763.08,2402.09322
2024-01-04 08:00:00,42763.08,42975.38,42699.83,42849.66,1650.32861
2024-01-04 09:00:00,42849.67,43084.38,42849.66,43007.74,1411.97913
2024-01-04 10:00:00,43007.73,43100.0,42616.28,43073.26,2250.33233
2024-01-04 11:00:00,43073.26,43233.81,42927.33,43176.32,1433.76942
2024-01-04 12:00:00,43176.33,43423.95,43097.06,43378.12,2238.88425
2024-01-04 13:00:00,43378.11,43484.84,43167.27,43346.68,1658.84054
2024-01-04 14:00:00,43346.67,43753.15,43250.0,43676.07,2649.8067
2024-01-04 15:00:00,43676.07,44329.99,43608.0,44051.1,5051.47874
2024-01-04 16:00:00,44051.1,44134.8,43777.86,43915.71,2764.45038
2024-01-04 17:00:00,43915.7,44225.75,43827.69,43990.01,2510.89188
2024-01-04 18:00:00,43990.01,44152.09,43881.31,44048.96,1520.18678
2024-01-04 19:00:00,44048.95,44437.5,43910.01,43956.48,2603.99272
2024-01-04 20:00:00,43956.48,44690.0,43890.9,44113.68,3043.38975
2024-01-04 21:00:00,44113.68,44589.04,44113.67,44430.86,2538.90479
2024-01-04 22:00:00,44430.86,44729.58,44150.64,44318.0,2470.81905
2024-01-04 23:00:00,44318.01,44355.22,44050.0,44151.1,1308.47343
2024-01-05 00:00:00,44151.1,44248.47,43950.84,44211.1,1764.77429
2024-01-05 01:00:00,44211.1,44284.0,42450.0,43376.0,5302.04832
2024-01-05 02:00:00,43376.0,43972.86,43302.0,43506.0,3111.00846
2024-01-05 03:00:00,43506.01,43770.0,43409.79,43465.21,1543.67157
2024-01-05 04:00:00,43465.21,43629.99,43187.89,43589.88,1790.05634
2024-01-05 05:00:00,43589.87,43723.13,43507.48,43644.15,947.34888
2024-01-05 06:00:00,43644.16,43926.0,43578.08,43844.82,1112.36781
2024-01-05 07:00:00,43845.08,43926.0,43715.93,43777.47,1099.83728
2024-01-05 08:00:00,43777.48,43947.99,43771.1,43911.44,989.5563
2024-01-05 09:00:00,43911.44,44324.8,43911.44,44147.21,2628.68996
2024-01-05 10:00:00,44147.22,44157.03,43433.0,43628.18,1876.88721
2024-01-05 11:00:00,43628.19,43916.8,43605.36,43771.34,1560.50376
2024-01-05 12:00:00,43771.34,44110.07,43616.0,43882.52,1865.99113
2024-01-05 13:00:00,43882.52,44096.49,43721.06,43986.01,1994.26258
2024-01-05 14:00:00,43986.01,44062.36,43100.0,43486.04,3583.28008
2024-01-05 15:00:00,43488.21,43801.1,43355.54,43500.01,2600.74661
2024-01-05 16:00:00,43500.01,43592.64,43220.0,43225.99,2401.19219
2024-01-05 17:00:00,43225.99,43627.57,43100.46,43609.53,2540.97502
2024-01-05 18:00:00,43609.52,43690.12,43418.0,43610.07,1274.08655
2024-01-05 19:00:00,43610.08,43808.07,43520.15,43600.0,1243.82237
2024-01-05 20:00:00,43600.0,44357.46,43599.99,43955.07,2500.69771
2024-01-05 21:00:00,43955.07,43971.1,43580.51,43946.26,1609.24913
2024-01-05 22:00:00,43946.26,44048.64,43764.42,43967.44,1024.55085
2024-01-05 23:00:00,43967.44,44318.61,43967.44,44145.11,1709.64887
2024-01-06 00:00:00,44145.12,44214.42,43975.0,44068.8,879.60338
2024-01-06 01:00:00,44068.79,44094.4,43906.19,43970.64,857.49986
2024-01-06 02:00:00,43970.65,44009.24,43823.06,43909.31,718.07637
2024-01-06 03:00:00,43909.31,44018.57,43812.5,43931.1,668.28232
2024-01-06 04:00:00,43931.1,43971.1,43832.0,43850.0,422.35739
2024-01-06 05:00:00,43850.01,43871.1,43588.0,43698.72,1174.66016
2024-01-06 06:00:00,43698.72,43700.34,43425.0,43454.7,1659.55792
2024-01-06 07:00:00,43454.7,43668.02,43397.05,43653.2,986.22209
2024-01-06 08:00:00,43653.2,43744.37,43551.28,43692.33,813.66676
2024-01-06 09:00:00,43692.33,43756.0,43636.7,43651.9,562.07964
2024-01-06 10:00:00,43651.9,43771.1,43584.0,43694.48,677.68295
2024-01-06 11:00:00,43694.47,43705.23,43616.02,43671.96,396.12062
2024-01-06 12:00:00,43671.97,43750.0,43527.27,43607.96,531.76575
2024-01-06 13:00:00,43607.95,43740.27,43542.0,43704.07,473.0935
2024-01-06 14:00:00,43704.08,43920.08,43703.41,43828.21,998.40603
2024-01-06 15:00:00,43828.2,43898.0,43791.1,43867.17,606.8731
2024-01-06 16:00:00,43867.17,43978.78,43828.5,43872.34,762.52286
2024-01-06 17:00:00,43872.35,44000.0,43842.97,43963.72,618.69382
2024-01-06 18:00:00,43963.73,44148.58,43884.04,43995.89,883.24997
2024-01-06 19:00:00,43995.89,44017.46,43830.88,43906.36,706.77767
2024-01-06 20:00:00,43906.35,43961.33,43611.19,43826.44,727.31918
2024-01-06 21:00:00,43826.45,43935.21,43723.76,43889.43,583.21345
2024-01-06 22:00:00,43889.43,43928.0,43740.0,43878.61,480.5904
2024-01-06 23:00:00,43878.62,43980.0,43732.5,43968.32,646.74625
2024-01-07 00:00:00,43968.32,44259.29,43915.56,44119.11,1359.49776
2024-01-07 01:00:00,44119.11,44160.0,43963.89,43967.72,668.136
2024-01-07 02:00:00,43967.71,44089.1,43833.4,43930.28,741.95675
2024-01-07 03:00:00,43930.28,44034.92,43904.18,43940.41,627.84726
2024-01-07 04:00:00,43940.41,44035.9,43885.24,44000.0,545.34387
2024-01-07 05:00:00,44000.01,44067.84,43843.52,43885.47,519.68969
2024-01-07 06:00:00,43885.48,44088.01,43858.0,44022.0,705.67701
2024-01-07 07:00:00,44021.99,44100.0,43991.1,44080.0,576.4073
2024-01-07 08:00:00,44080.0,44167.81,44000.0,44017.99,866.45352
2024-01-07 09:00:00,44018.0,44065.0,43880.65,43938.9,745.22164
2024-01-07 10:00:00,43938.9,43996.0,43906.91,43960.0,673.28346
2024-01-07 11:00:00,43960.0,44118.19,43959.1,44061.1,738.77639
2024-01-07 12:00:00,44061.1,44139.43,43969.62,44088.63,637.81941
2024-01-07 13:00:00,44088.63,44449.98,44082.66,44409.31,2234.29499
2024-01-07 14:00:00,44409.31,44480.59,44277.12,44402.0,1427.92526
2024-01-07 15:00:00,44402.0,44431.1,43945.15,44047.57,1672.94945
2024-01-07 16:00:00,44047.57,44185.0,43857.14,43922.0,1260.33931
2024-01-07 17:00:00,43922.0,44110.15,43700.0,44064.84,1223.59528
2024-01-07 18:00:00,44064.83,44176.04,44035.25,44106.11,546.77236
2024-01-07 19:00:00,44106.11,44262.53,44041.27,44244.77,560.18451
2024-01-07 20:00:00,44244.77,44269.92,44120.0,44120.01,527.84094
2024-01-07 21:00:00,44120.01,44249.0,44110.45,44231.53,551.38125
2024-01-07 22:00:00,44231.53,44231.54,43778.13,43862.85,1399.67049
2024-01-07 23:00:00,43862.85,44024.99,43572.09,43929.02,2212.7869
2024-01-08 00:00:00,43929.01,43986.0,43625.18,43632.0,1712.48374
2024-01-08 01:00:00,43632.0,43809.18,43610.25,43713.06,1111.57206
2024-01-08 02:00:00,43713.07,43800.07,43175.0,43371.09,2425.01013
2024-01-08 03:00:00,43371.09,43568.85,43225.0,43518.2,2122.92505
2024-01-08 04:00:00,43518.2,43610.68,43430.79,43599.26,1115.01613
2024-01-08 05:00:00,43599.26,43650.0,43475.0,43641.74,1134.27526
2024-01-08 06:00:00,43641.74,44341.8,43584.87,43912.87,3381.02051
2024-01-08 07:00:00,43912.88,44074.99,43784.86,43974.55,1527.12031
2024-01-08 08:00:00,43974.55,44069.41,43851.1,43868.53,829.24271
2024-01-08 09:00:00,43868.53,43920.14,43641.73,43720.46,1124.68124
2024-01-08 10:00:00,43720.45,44128.19,43689.26,44088.85,1256.15965
2024-01-08 11:00:00,44088.86,44688.0,43950.0,44635.99,3426.18407
2024-01-08 12:00:00,44636.0,45200.0,44350.0,45111.09,7517.5607
2024-01-08 13:00:00,45111.1,45179.14,44807.56,44911.58,3323.31376
2024-01-08 14:00:00,44911.58,45090.0,44724.37,44783.91,2288.27888
2024-01-08 15:00:00,44783.9,45333.0,44667.22,44963.04,4083.38544
2024-01-08 16:00:00,44963.04,45171.42,44793.97,44940.3,2531.38293
2024-01-08 17:00:00,44940.31,45668.88,44903.86,45648.0,4294.58934
2024-01-08 18:00:00,45648.01,46995.0,45648.0,46970.01,10702.46628
2024-01-08 19:00:00,46970.02,47248.99,46540.01,46979.35,6934.53877
2024-01-08 20:00:00,46979.36,47143.15,46709.92,46774.01,3446.6373
2024-01-08 21:00:00,46774.01,47207.16,46653.84,47071.41,2789.04666
2024-01-08 22:00:00,47071.41,47120.0,46799.18,46999.99,1797.3167
2024-01-08 23:00:00,47000.0,47100.0,46833.88,46951.04,1940.36827
2024-01-09 00:00:00,46951.04,47150.0,46230.0,46668.88,4454.55224
2024-01-09 01:00:00,46668.87,46786.83,46288.0,46556.62,2579.21111
2024-01-09 02:00:00,46556.62,46785.22,46483.83,46779.81,1420.86767
2024-01-09 03:00:00,46779.82,46974.42,46750.92,46926.96,1647.49829
2024-01-09 04:00:00,46926.96,46940.0,46670.91,46803.54,1286.08627
2024-01-09 05:00:00,46803.54,46858.0,46599.43,46714.67,1293.90068
2024-01-09 06:00:00,46714.66,46838.4,46665.84,46788.01,911.5216
2024-01-09 07:00:00,46788.02,46931.7,46735.18,46825.51,1215.90126
2024-01-09 08:00:00,46825.52,46874.94,46510.0,46544.65,1331.10707
2024-01-09 09:00:00,46544.65,46694.61,46407.9,46491.99,1571.60244
2024-01-09 10:00:00,46491.99,46680.0,46381.1,46441.89,1685.90791
2024-01-09 11:00:00,46441.88,46644.0,46426.2,46615.99,1430.21749
2024-01-09 12:00:00,46616.0,47000.0,45450.0,46166.35,4416.37703
2024-01-09 13:00:00,46166.36,47051.21,46055.51,46834.0,5041.75722
2024-01-09 14:00:00,46834.01,47007.83,46498.93,46561.1,2999.84714
2024-01-09 15:00:00,46561.11,47010.0,46429.31,46868.09,3353.84219
2024-01-09 16:00:00,46868.08,46975.0,46719.69,46902.88,1950.39781
2024-01-09 17:00:00,46902.89,46919.99,46632.01,46715.99,1744.55384
2024-01-09 18:00:00,46716.0,46731.1,46500.0,46640.5,2182.23673
2024-01-09 19:00:00,46640.5,46890.0,46573.92,46876.01,1433.29461
2024-01-09 20:00:00,46876.0,46930.74,46591.6,46642.54,1427.66813
2024-01-09 21:00:00,46642.53,47972.0,44748.67,45439.44,17027.62509
2024-01-09 22:00:00,45439.44,46261.09,45295.19,46254.0,4757.30303
2024-01-09 23:00:00,46254.0,46254.01,45924.0,46110.0,2764.38932
2024-01-10 00:00:00,46110.0,46249.14,45788.85,45856.42,2839.97544
2024-01-10 01:00:00,45856.41,45960.0,45622.0,45929.3,2013.31088
2024-01-10 02:00:00,45929.3,46082.87,45882.41,45971.09,1108.50161
2024-01-10 03:00:00,45971.1,46211.95,45922.86,46117.1,1002.73836
2024-01-10 04:00:00,46117.1,46186.0,45944.82,45960.98,1131.61113
2024-01-10 05:00:00,45960.97,46027.08,45890.58,45975.99,1082.47607
2024-01-10 06:00:00,45975.99,46065.85,45875.28,46006.0,847.24073
2024-01-10 07:00:00,46006.0,46023.4,45734.56,45757.98,1379.97341
2024-01-10 08:00:00,45757.98,45861.1,45320.53,45329.94,2517.14697
2024-01-10 09:00:00,45329.94,45700.0,45321.99,45661.42,2388.37211
2024-01-10 10:00:00,45661.43,45731.1,45532.0,45532.0,1101.89012
2024-01-10 11:00:00,45532.01,45659.42,45000.0,45515.89,2363.70366
2024-01-10 12:00:00,45515.88,45662.01,44363.93,44670.53,5540.87031
2024-01-10 13:00:00,44670.54,45393.99,44300.36,45118.01,4518.06082
2024-01-10 14:00:00,45118.0,45404.89,44820.35,44884.0,3293.59955
2024-01-10 15:00:00,44884.01,45630.7,44800.0,45546.4,4166.8193
2024-01-10 16:00:00,45546.39,45708.31,45173.97,45311.1,3383.80525
2024-01-10 17:00:00,45311.09,46449.0,45227.01,46401.89,5565.30304
2024-01-10 18:00:00,46401.88,46633.86,45840.0,46527.33,4249.44238
2024-01-10 19:00:00,46527.32,46666.0,46043.69,46489.18,4609.96145
2024-01-10 20:00:00,46489.19,46504.92,44800.0,46127.0,10674.42987
2024-01-10 21:00:00,46127.0,46301.04,45080.0,45946.0,8142.82709
2024-01-10 22:00:00,45946.0,46948.98,45760.45,46902.69,6635.62295
2024-01-10 23:00:00,46902.69,47695.93,46381.86,46653.99,9353.72953
2024-01-11 00:00:00,46654.0,46721.37,46296.46,46670.01,2859.39936
2024-01-11 01:00:00,46670.01,46750.0,46468.33,46506.94,1772.5933
2024-01-11 02:00:00,46506.93,46622.39,46500.0,46559.0,1242.76928
2024-01-11 03:00:00,46559.0,46590.81,46200.0,46502.16,2090.15306
2024-01-11 04:00:00,46502.17,46507.08,46304.96,46400.01,1666.06111
2024-01-11 05:00:00,46400.01,46417.33,45896.23,46070.0,2132.23648
2024-01-11 06:00:00,46070.0,46091.53,45618.1,45907.3,2234.87531
2024-01-11 07:00:00,45907.29,46166.99,45881.1,46101.4,1518.70045
2024-01-11 08:00:00,46101.4,46318.1,46052.0,46277.0,1468.58251
2024-01-11 09:00:00,46277.0,46354.0,46211.94,46220.12,1341.13559
2024-01-11 10:00:00,46220.12,46860.0,46210.0,46859.91,2559.25355
2024-01-11 11:00:00,46859.9,47150.0,46705.97,47060.0,3169.51389
2024-01-11 12:00:00,47059.99,47464.87,46941.1,47449.63,3177.46648
2024-01-11 13:00:00,47449.64,47449.64,46762.86,47325.2,4404.70297
2024-01-11 14:00:00,47325.21,48969.48,47215.0,48571.22,15868.93224
2024-01-11 15:00:00,48571.21,48657.98,46463.19,46783.78,12867.70365
2024-01-11 16:00:00,46783.77,47022.07,45788.0,46007.29,9918.42093
2024-01-11 17:00:00,46007.29,46550.0,45606.06,46497.14,4932.85516
2024-01-11 18:00:00,46497.14,46644.72,46259.09,46609.99,2426.83408
2024-01-11 19:00:00,46610.0,46735.29,46283.14,46692.3,1894.15573
2024-01-11 20:00:00,46692.29,46975.0,46120.0,46241.92,4521.03099
2024-01-11 21:00:00,46241.91,46450.0,46120.03,46156.01,1507.69927
2024-01-11 22:00:00,46156.0,46430.21,46084.69,46399.99,968.31728
2024-01-11 23:00:00,46399.99,46491.93,46296.37,46339.16,926.93693
2024-01-12 00:00:00,46339.16,46515.53,46012.8,46293.43,1773.38738
2024-01-12 01:00:00,46293.42,46327.81,45898.0,46135.48,1400.91048
2024-01-12 02:00:00,46135.48,46250.0,45996.01,46144.01,998.84335
2024-01-12 03:00:00,46144.01,46184.57,45922.01,45994.0,1204.2988
2024-01-12 04:00:00,45994.01,46110.0,45858.0,45956.34,1377.83064
2024-01-12 05:00:00,45956.34,46209.98,45898.0,46194.01,1141.56622
2024-01-12 06:00:00,46194.01,46366.0,46100.82,46100.85,1062.83821
2024-01-12 07:00:00,46100.85,46144.45,45742.49,46008.19,2184.03364
2024-01-12 08:00:00,46008.19,46008.19,45632.0,45860.01,1397.30176
2024-01-12 09:00:00,45860.0,46076.34,45537.37,45925.92,2131.76464
2024-01-12 10:00:00,45925.93,46133.33,45841.1,46063.62,1532.73873
2024-01-12 11:00:00,46063.62,46267.0,45941.61,45954.35,1976.90053
2024-01-12 12:00:00,45954.35,46109.0,45667.47,45866.56,1852.17109
2024-01-12 13:00:00,45866.57,45944.12,45573.44,45779.02,2155.66091
2024-01-12 14:00:00,45779.02,45904.66,45250.01,45442.02,5702.97549
2024-01-12 15:00:00,45442.01,45459.28,44333.44,44462.01,9485.40906
2024-01-12 16:00:00,44462.0,44675.88,43212.0,43624.0,12653.69131
2024-01-12 17:00:00,43623.99,43836.88,43278.0,43803.99,6405.60756
2024-01-12 18:00:00,43803.98,43925.23,43250.0,43472.0,4482.59182
2024-01-12 19:00:00,43472.0,43720.0,43274.68,43472.55,2846.14963
2024-01-12 20:00:00,43472.56,43981.1,43401.64,43653.38,4898.5452
2024-01-12 21:00:00,43653.39,43861.1,43213.73,43449.0,3001.91979
2024-01-12 22:00:00,43450.01,43458.0,41500.0,42510.0,10954.10629
2024-01-12 23:00:00,42509.99,42958.0,42481.1,42782.73,3706.69454
2024-01-13 00:00:00,42782.74,42997.29,42766.45,42801.76,2784.58772
2024-01-13 01:00:00,42801.76,42891.09,42514.89,42673.83,3059.07599
2024-01-13 02:00:00,42673.83,42853.75,42525.16,42530.0,2279.56144
2024-01-13 03:00:00,42530.0,42682.0,42436.12,42609.94,1822.30914
2024-01-13 04:00:00,42609.94,42850.0,42555.84,42840.01,1425.89376
2024-01-13 05:00:00,42840.02,43138.0,42769.63,43101.09,1760.17482
2024-01-13 06:00:00,43101.09,43185.0,42950.64,43149.99,1692.14955
2024-01-13 07:00:00,43149.99,43254.03,43064.83,43102.97,1359.60409
2024-01-13 08:00:00,43102.97,43254.96,43063.72,43170.01,1167.90273
2024-01-13 09:00:00,43170.01,43193.46,42819.31,42923.21,1671.71121
2024-01-13 10:00:00,42923.2,42923.21,42627.63,42700.12,2039.14575
2024-01-13 11:00:00,42700.13,42801.09,42509.11,42624.0,2083.54075
2024-01-13 12:00:00,42624.01,42753.56,42505.0,42684.88,1343.63876
2024-01-13 13:00:00,42684.88,42791.1,42601.1,42739.14,1075.91091
2024-01-13 14:00:00,42739.15,42961.1,42640.01,42856.92,1828.24882
2024-01-13 15:00:00,42856.92,43257.0,42856.1,43154.48,1815.55776
2024-01-13 16:00:00,43154.48,43185.0,42780.71,42895.41,1641.70519
2024-01-13 17:00:00,42895.41,42988.0,42769.38,42898.33,1001.47905
2024-01-13 18:00:00,42898.95,42904.0,42724.39,42806.01,738.81709
2024-01-13 19:00:00,42806.0,42996.64,42782.0,42786.25,799.84192
2024-01-13 20:00:00,42786.25,42923.03,42699.52,42870.0,872.06655
2024-01-13 21:00:00,42870.0,42976.15,42818.0,42963.44,640.52376
2024-01-13 22:00:00,42963.45,43040.01,42886.0,42990.65,613.97101
2024-01-13 23:00:00,42990.65,42996.08,42800.3,42847.99,601.05687
2024-01-14 00:00:00,42847.99,42890.23,42664.0,42687.36,927.44774
2024-01-14 01:00:00,42687.36,42839.86,42676.88,42769.19,615.7996
2024-01-14 02:00:00,42769.18,42829.33,42657.58,42779.06,520.14094
2024-01-14 03:00:00,42779.07,42804.78,42643.98,42681.82,705.78485
2024-01-14 04:00:00,42681.82,42698.99,42562.56,42580.01,691.38369
2024-01-14 05:00:00,42580.0,42815.17,42576.26,42749.99,519.82513
2024-01-14 06:00:00,42749.99,42999.0,42749.99,42998.99,864.88904
2024-01-14 07:00:00,42999.0,43060.0,42891.12,43011.44,960.65538
2024-01-14 08:00:00,43011.44,43030.0,42888.0,42996.25,569.7177
2024-01-14 09:00:00,42996.26,43079.0,42818.34,43052.41,775.89013
2024-01-14 10:00:00,43052.41,43066.56,42865.9,42889.04,668.92506
2024-01-14 11:00:00,42889.04,42938.75,42759.34,42829.99,870.7438
2024-01-14 12:00:00,42829.99,42847.2,42710.0,42758.0,992.57492
2024-01-14 13:00:00,42757.99,42921.1,42735.75,42891.69,622.71029
2024-01-14 14:00:00,42891.68,43005.25,42790.0,42811.99,1144.92876
2024-01-14 15:00:00,42811.99,42967.97,42804.01,42904.38,875.65217
2024-01-14 16:00:00,42904.39,42965.0,42856.72,42929.95,1007.12731
2024-01-14 17:00:00,42929.94,43010.84,42877.77,42973.27,941.54492
2024-01-14 18:00:00,42973.27,43003.99,42836.0,42900.01,687.2036
2024-01-14 19:00:00,42900.01,42930.56,42632.59,42660.0,1388.49237
2024-01-14 20:00:00,42660.0,42745.98,42183.68,42507.92,2883.67843
2024-01-14 21:00:00,42507.91,42595.41,42000.0,42554.89,3242.00758
2024-01-14 22:00:00,42554.89,42649.0,42073.87,42270.99,1609.15241
2024-01-14 23:00:00,42271.0,42316.0,41720.0,41732.35,4142.13312
2024-01-15 00:00:00,41732.35,42353.94,41718.05,42279.75,2433.52283
2024-01-15 01:00:00,42279.76,42398.73,42176.28,42275.18,1404.6404
2024-01-15 02:00:00,42275.17,42411.62,42194.12,42399.72,850.09544
2024-01-15 03:00:00,42399.71,42640.0,42389.27,42565.99,1140.03904
2024-01-15 04:00:00,42565.99,42634.0,42499.01,42591.77,1090.60435
2024-01-15 05:00:00,42591.76,42824.68,42569.73,42739.85,1213.71533
2024-01-15 06:00:00,42739.85,42797.06,42612.0,42651.1,985.96635
2024-01-15 07:00:00,42651.09,42764.0,42513.14,42714.78,1093.23136
2024-01-15 08:00:00,42714.78,42775.0,42641.1,42680.44,1082.69198
2024-01-15 09:00:00,42680.43,42762.11,42585.86,42750.88,966.05532
2024-01-15 10:00:00,42750.89,42761.1,42540.0,42565.26,916.19805
2024-01-15 11:00:00,42565.25,42703.95,42542.0,42697.99,847.5779
2024-01-15 12:00:00,42698.0,42715.99,42570.0,42663.79,1219.39859
2024-01-15 13:00:00,42663.79,42958.03,42614.12,42852.54,1610.94481
2024-01-15 14:00:00,42852.55,42868.53,42172.14,42199.0,3628.83988
2024-01-15 15:00:00,42199.01,42473.99,42163.32,42278.99,2136.5516
2024-01-15 16:00:00,42278.99,42549.0,42249.0,42522.61,1121.26001
2024-01-15 17:00:00,42522.6,42779.78,42521.1,42696.58,1280.44041
2024-01-15 18:00:00,42696.57,43400.43,42696.57,43015.82,7891.28853
2024-01-15 19:00:00,43015.82,43133.8,42825.84,42992.67,2038.31756
2024-01-15 20:00:00,42992.67,43114.45,42850.0,42960.0,1245.90158
2024-01-15 21:00:00,42959.99,42960.0,42710.0,42716.0,920.68651
2024-01-15 22:00:00,42716.0,42818.31,42342.18,42628.0,1850.23943
2024-01-15 23:00:00,42628.0,42639.99,42474.0,42511.1,1301.68577
2024-01-16 00:00:00,42511.1,42674.0,42466.88,42600.0,1007.25697
2024-01-16 01:00:00,42600.01,42726.97,42555.0,42584.34,875.50468
2024-01-16 02:00:00,42584.34,42732.45,42553.96,42710.0,967.07632
2024-01-16 03:00:00,42710.0,42939.5,42702.0,42924.56,1175.44142
2024-01-16 04:00:00,42924.57,42946.05,42755.33,42803.19,917.47192
2024-01-16 05:00:00,42803.18,42931.33,42768.0,42773.82,814.04215
2024-01-16 06:00:00,42773.82,42780.0,42646.89,42741.09,963.99198
2024-01-16 07:00:00,42741.1,42791.14,42606.92,42791.13,952.74344
2024-01-16 08:00:00,42791.14,43022.0,42720.06,43014.53,1421.99021
2024-01-16 09:00:00,43014.53,43153.66,42896.41,42940.01,1762.34779
2024-01-16 10:00:00,42940.01,42971.1,42851.45,42872.0,823.26434
2024-01-16 11:00:00,42872.01,42945.54,42753.55,42900.54,841.64338
2024-01-16 12:00:00,42900.55,43166.0,42857.32,43156.12,1134.71946
2024-01-16 13:00:00,43156.11,43174.48,42700.0,42805.83,1752.96929
2024-01-16 14:00:00,42805.83,42954.0,42050.0,42690.0,9514.26629
2024-01-16 15:00:00,42690.0,43314.73,42543.01,43252.67,5566.03085
2024-01-16 16:00:00,43252.45,43434.0,43011.1,43249.72,3535.61086
2024-01-16 17:00:00,43249.72,43249.72,43031.0,43051.74,1495.67672
2024-01-16 18:00:00,43051.74,43157.85,42834.29,43013.0,1537.50667
2024-01-16 19:00:00,43013.0,43182.56,42949.0,43166.11,1155.16262
2024-01-16 20:00:00,43166.1,43370.11,43060.69,43200.01,2329.86499
2024-01-16 21:00:00,43200.01,43578.01,43185.01,43434.71,2305.15993
2024-01-16 22:00:00,43434.71,43496.05,43202.0,43206.0,968.43985
2024-01-16 23:00:00,43206.0,43286.0,43112.0,43137.95,1227.56376
2024-01-17 00:00:00,43137.94,43175.99,43050.01,43092.0,938.65364
2024-01-17 01:00:00,43092.0,43198.0,42960.64,42970.0,868.4347
2024-01-17 02:00:00,42970.01,43061.1,42918.11,42997.25,1068.4692
2024-01-17 03:00:00,42997.26,43025.71,42844.98,42849.0,836.395
2024-01-17 04:00:00,42849.0,42921.1,42781.49,42854.01,791.3964
2024-01-17 05:00:00,42854.01,42925.49,42765.41,42783.39,661.25196
2024-01-17 06:00:00,42783.39,42876.34,42766.0,42806.05,802.28142
2024-01-17 07:00:00,42806.05,42851.1,42619.6,42655.94,1357.30632
2024-01-17 08:00:00,42655.95,42747.65,42564.0,42728.76,1188.18884
2024-01-17 09:00:00,42728.76,42830.0,42674.0,42678.57,938.2664
2024-01-17 10:00:00,42678.56,42850.55,42622.36,42850.04,1193.04037
2024-01-17 11:00:00,42850.05,42850.55,42672.95,42680.16,1093.25163
2024-01-17 12:00:00,42680.16,42788.0,42411.0,42782.43,2445.67123
2024-01-17 13:00:00,42782.42,42782.43,42518.0,42609.84,1305.63482
2024-01-17 14:00:00,42609.83,42926.02,42365.58,42576.01,3407.6999
2024-01-17 15:00:00,42576.02,42768.0,42472.85,42482.79,2383.89587
2024-01-17 16:00:00,42482.8,42564.13,42250.31,42360.28,2301.05574
2024-01-17 17:00:00,42360.29,42470.32,42200.69,42371.1,1419.22346
2024-01-17 18:00:00,42371.1,42612.48,42278.98,42612.45,1471.83973
2024-01-17 19:00:00,42612.46,42745.99,42555.22,42611.11,1041.3737
2024-01-17 20:00:00,42611.1,42876.48,42559.29,42722.9,2990.71477
2024-01-17 21:00:00,42722.9,42822.96,42603.2,42676.13,1125.24713
2024-01-17 22:00:00,42676.14,42729.06,42450.0,42722.14,767.12266
2024-01-17 23:00:00,42722.13,42792.48,42619.73,42776.1,869.79899
2024-01-18 00:00:00,42776.09,42784.4,42617.31,42660.79,877.07281
2024-01-18 01:00:00,42660.79,42713.92,42502.19,42584.62,814.27639
2024-01-18 02:00:00,42584.61,42721.0,42584.12,42653.82,563.69795
2024-01-18 03:00:00,42653.81,42676.75,42550.0,42592.05,522.20522
2024-01-18 04:00:00,42592.04,42689.95,42589.0,42665.0,550.151
2024-01-18 05:00:00,42664.99,42784.99,42634.0,42772.87,797.44359
2024-01-18 06:00:00,42772.86,42873.25,42759.13,42807.05,817.27204
2024-01-18 07:00:00,42807.04,42922.0,42804.0,42915.33,1228.24675
2024-01-18 08:00:00,42915.32,42930.0,42724.0,42742.0,870.48171
2024-01-18 09:00:00,42742.0,42871.85,42709.61,42743.84,958.8749
2024-01-18 10:00:00,42743.85,42779.27,42388.0,42447.66,1548.48202
2024-01-18 11:00:00,42447.67,42551.1,42387.68,42544.59,1489.29762
2024-01-18 12:00:00,42544.6,42547.39,42353.8,42433.44,1113.60163
2024-01-18 13:00:00,42433.45,42657.16,42362.0,42508.0,1491.62445
2024-01-18 14:00:00,42508.01,42742.0,42428.37,42738.7,1312.17402
2024-01-18 15:00:00,42738.7,42810.0,42611.1,42619.32,1369.13154
2024-01-18 16:00:00,42619.31,42619.32,41736.27,41948.99,4847.44805
2024-01-18 17:00:00,41948.99,42178.39,41500.0,41816.71,4035.11879
2024-01-18 18:00:00,41816.71,41916.07,41370.0,41508.95,3372.52432
2024-01-18 19:00:00,41508.95,41601.52,40831.99,41022.32,5153.56414
2024-01-18 20:00:00,41022.33,41315.8,40683.28,40835.6,4564.22596
2024-01-18 21:00:00,40835.6,41266.0,40757.85,41124.0,2812.08735
2024-01-18 22:00:00,41123.99,41366.99,41076.01,41354.67,1784.04241
2024-01-18 23:00:00,41354.67,41361.0,41203.18,41327.5,1014.47175
2024-01-19 00:00:00,41327.51,41370.99,41100.0,41290.5,1141.18505
2024-01-19 01:00:00,41290.5,41333.46,41122.15,41270.0,1267.99894
2024-01-19 02:00:00,41270.01,41303.89,41084.03,41119.44,1095.25472
2024-01-19 03:00:00,41119.44,41147.58,40752.26,41055.87,2243.08236
2024-01-19 04:00:00,41055.88,41225.0,41038.81,41098.53,893.56087
2024-01-19 05:00:00,41098.53,41238.56,41062.72,41210.5,713.83193
2024-01-19 06:00:00,41210.51,41522.41,41194.01,41474.0,1605.55925
2024-01-19 07:00:00,41474.01,41576.0,41270.7,41284.25,2039.3522
2024-01-19 08:00:00,41284.26,41385.59,41143.33,41289.99,1124.49065
2024-01-19 09:00:00,41290.0,41464.34,41248.1,41398.37,1417.81427
2024-01-19 10:00:00,41398.37,41489.73,41334.0,41486.06,928.98376
2024-01-19 11:00:00,41486.05,41509.69,41368.9,41475.37,961.48242
2024-01-19 12:00:00,41475.37,41488.2,41260.21,41337.31,1249.91312
2024-01-19 13:00:00,41337.3,41429.86,41268.33,41393.08,1053.49049
2024-01-19 14:00:00,41393.08,41455.0,40841.1,40969.31,3475.38975
2024-01-19 15:00:00,40969.31,41156.38,40718.0,40894.71,3482.09452
2024-01-19 16:00:00,40894.71,40953.59,40310.0,40395.01,4971.06182
2024-01-19 17:00:00,40395.0,41250.0,40280.0,41239.57,4450.92747
2024-01-19 18:00:00,41239.57,41979.0,41006.61,41808.08,4197.78344
2024-01-19 19:00:00,41808.08,41929.65,41575.4,41814.27,2480.82816
2024-01-19 20:00:00,41814.27,42196.86,41517.6,41620.0,4230.96342
2024-01-19 21:00:00,41619.99,41791.7,41552.35,41633.83,1610.94515
2024-01-19 22:00:00,41633.83,41735.61,41532.89,41687.1,890.03453
2024-01-19 23:00:00,41687.1,41721.1,41613.67,41659.03,816.7173
2024-01-20 00:00:00,41659.03,41679.52,41456.3,41482.29,1037.43812
2024-01-20 01:00:00,41482.28,41700.0,41482.28,41655.42,792.03395
2024-01-20 02:00:00,41655.42,41662.74,41538.0,41621.23,594.98282
2024-01-20 03:00:00,41621.23,41649.61,41524.0,41634.65,561.75741
2024-01-20 04:00:00,41634.64,41659.03,41578.63,41607.2,436.82811
2024-01-20 05:00:00,41607.19,41646.46,41564.81,41627.63,453.58365
2024-01-20 06:00:00,41627.62,41698.71,41615.92,41672.02,582.85375
2024-01-20 07:00:00,41672.02,41774.0,41644.72,41650.95,638.34351
2024-01-20 08:00:00,41650.95,41668.66,41522.38,41590.0,1054.68234
2024-01-20 09:00:00,41590.01,41643.06,41459.02,41521.1,735.91109
2024-01-20 10:00:00,41521.1,41616.43,41495.81,41543.31,640.825
2024-01-20 11:00:00,41543.3,41619.0,41475.69,41580.83,674.93419
2024-01-20 12:00:00,41580.82,41700.0,41540.0,41620.01,645.31586
2024-01-20 13:00:00,41620.0,41685.77,41584.68,41633.12,653.88181
2024-01-20 14:00:00,41633.11,41646.0,41491.16,41542.99,795.56394
2024-01-20 15:00:00,41542.98,41688.53,41478.0,41570.11,813.88059
2024-01-20 16:00:00,41570.1,41645.81,41537.84,41563.66,625.85698
2024-01-20 17:00:00,41563.66,41625.0,41543.61,41591.11,495.01011
2024-01-20 18:00:00,41591.1,41634.19,41526.36,41606.17,565.6199
2024-01-20 19:00:00,41606.16,41684.94,41605.01,41632.96,456.72684
2024-01-20 20:00:00,41632.97,41822.99,41617.58,41751.36,829.62416
2024-01-20 21:00:00,41751.37,41872.56,41729.9,41733.85,726.76463
2024-01-20 22:00:00,41733.85,41819.99,41669.9,41781.53,478.92579
2024-01-20 23:00:00,41781.54,41809.87,41610.54,41696.04,632.65038
2024-01-21 00:00:00,41696.05,41727.0,41629.87,41645.98,405.51248
2024-01-21 01:00:00,41645.98,41722.14,41633.8,41666.82,411.49944
2024-01-21 02:00:00,41666.83,41719.36,41652.29,41699.8,406.21108
2024-01-21 03:00:00,41699.8,41730.0,41661.74,41680.82,377.67063
2024-01-21 04:00:00,41680.83,41685.55,41651.74,41673.41,258.81267
2024-01-21 05:00:00,41673.41,41691.11,41628.46,41628.47,305.06196
2024-01-21 06:00:00,41628.46,41654.99,41564.29,41597.66,349.76971
2024-01-21 07:00:00,41597.66,41669.94,41587.27,41648.51,284.99252
2024-01-21 08:00:00,41648.5,41710.0,41648.5,41663.96,423.86113
2024-01-21 09:00:00,41663.96,41747.53,41663.96,41747.53,430.35767
2024-01-21 10:00:00,41747.52,41826.97,41709.99,41785.99,717.32999
2024-01-21 11:00:00,41786.0,41795.61,41686.0,41719.89,401.3789
2024-01-21 12:00:00,41719.9,41821.1,41700.91,41735.99,509.28923
2024-01-21 13:00:00,41735.99,41862.02,41735.98,41859.53,691.91268
2024-01-21 14:00:00,41859.52,41881.39,41757.25,41787.5,630.51659
2024-01-21 15:00:00,41787.49,41860.0,41605.0,41656.28,978.43312
2024-01-21 16:00:00,41656.27,41673.06,41525.0,41607.18,791.19285
2024-01-21 17:00:00,41607.18,41695.07,41599.39,41678.0,481.67127
2024-01-21 18:00:00,41677.99,41729.77,41627.0,41681.09,467.73485
2024-01-21 19:00:00,41681.09,41720.0,41635.25,41719.4,360.44499
2024-01-21 20:00:00,41719.39,41772.75,41618.68,41643.91,686.10169
2024-01-21 21:00:00,41643.9,41811.1,41620.27,41785.91,419.9635
2024-01-21 22:00:00,41785.9,41785.91,41620.23,41633.39,340.64799
2024-01-21 23:00:00,41633.39,41676.78,41500.98,41580.33,599.79607
2024-01-22 00:00:00,41580.32,41683.53,41467.58,41657.43,958.2692
2024-01-22 01:00:00,41657.43,41689.65,41263.6,41363.37,1980.3783
2024-01-22 02:00:00,41363.38,41426.03,41258.1,41317.98,824.53378
2024-01-22 03:00:00,41317.97,41343.99,41058.22,41197.04,1431.49598
2024-01-22 04:00:00,41197.04,41221.99,40768.0,40786.41,2024.89969
2024-01-22 05:00:00,40786.41,41157.23,40684.0,41138.46,2043.09323
2024-01-22 06:00:00,41138.47,41321.17,41009.16,41205.99,1603.68724
2024-01-22 07:00:00,41205.99,41214.0,40978.63,41043.7,1048.82053
2024-01-22 08:00:00,41043.7,41043.71,40761.87,40959.0,1986.47106
2024-01-22 09:00:00,40958.99,41047.51,40610.0,40744.85,1725.51154
2024-01-22 10:00:00,40744.86,40852.1,40364.63,40703.91,3247.98208
2024-01-22 11:00:00,40703.9,40941.09,40670.98,40815.99,1820.31952
2024-01-22 12:00:00,40815.92,40922.14,40685.96,40884.97,1281.48051
2024-01-22 13:00:00,40884.97,41244.06,40865.6,40943.17,2170.12828
2024-01-22 14:00:00,40943.17,40978.69,40515.9,40694.75,2673.37652
2024-01-22 15:00:00,40694.76,40850.0,40350.0,40771.99,3208.29236
2024-01-22 16:00:00,40772.0,40874.99,40400.0,40518.6,2429.98915
2024-01-22 17:00:00,40518.61,40806.42,40457.95,40708.0,1602.30202
2024-01-22 18:00:00,40707.99,40800.01,40119.11,40316.01,3457.46147
2024-01-22 19:00:00,40316.0,40570.83,39431.58,39820.31,7927.00782
2024-01-22 20:00:00,39820.31,40343.18,39751.14,40181.2,3814.77652
2024-01-22 21:00:00,40181.2,40206.34,39845.7,39849.95,2123.7816
2024-01-22 22:00:00,39849.95,40088.88,39480.0,39832.8,2201.86927
2024-01-22 23:00:00,39832.81,39961.1,39488.12,39568.02,1840.27144
2024-01-23 00:00:00,39568.02,39888.0,39511.1,39872.0,1591.36214
2024-01-23 01:00:00,39872.0,39912.18,39713.2,39830.71,883.18985
2024-01-23 02:00:00,39830.7,40067.99,39810.0,40060.46,1017.58919
2024-01-23 03:00:00,40060.47,40118.87,39979.52,40000.44,954.67378
2024-01-23 04:00:00,40000.43,40176.74,40000.43,40065.51,819.53223
2024-01-23 05:00:00,40065.5,40129.16,40062.3,40069.34,528.4638
2024-01-23 06:00:00,40069.35,40129.12,39960.87,40019.42,810.99682
2024-01-23 07:00:00,40019.43,40026.37,39665.02,39780.0,1693.37353
2024-01-23 08:00:00,39780.01,39860.0,39328.0,39464.96,2986.78985
2024-01-23 09:00:00,39464.97,39492.57,38907.67,38961.39,6604.67363
2024-01-23 10:00:00,38961.39,39150.0,38855.12,38917.28,3342.72993
2024-01-23 11:00:00,38917.27,39045.56,38657.0,38845.56,3393.58407
2024-01-23 12:00:00,38845.56,39088.01,38758.82,39065.67,2870.76139
2024-01-23 13:00:00,39065.68,39083.35,38853.39,38864.16,1462.05395
2024-01-23 14:00:00,38864.15,38900.0,38555.0,38767.74,4060.57085
2024-01-23 15:00:00,38767.75,39460.0,38766.0,39204.0,5829.55514
2024-01-23 16:00:00,39204.0,39374.11,38925.2,39307.59,4118.59618
2024-01-23 17:00:00,39307.6,39634.29,39270.0,39398.89,3340.69119
2024-01-23 18:00:00,39398.88,39654.34,39092.54,39092.54,2484.66969
2024-01-23 19:00:00,39092.55,39287.57,38981.1,39148.07,1755.83945
2024-01-23 20:00:00,39148.07,39365.96,39032.02,39175.06,2123.40651
2024-01-23 21:00:00,39175.07,39303.91,39070.0,39223.75,1242.30046
2024-01-23 22:00:00,39223.76,39554.7,39201.1,39468.71,1183.11412
2024-01-23 23:00:00,39468.71,39907.23,39468.71,39897.6,2858.11576
2024-01-24 00:00:00,39897.59,40250.0,39784.34,40179.52,2520.72618
2024-01-24 01:00:00,40179.53,40179.53,39757.91,39769.97,2861.66348
2024-01-24 02:00:00,39769.98,39895.36,39701.34,39763.49,833.35398
2024-01-24 03:00:00,39763.5,39796.71,39570.43,39614.0,1292.50052
2024-01-24 04:00:00,39614.0,39747.11,39557.01,39654.38,1290.20825
2024-01-24 05:00:00,39654.39,39847.46,39654.38,39798.85,1493.42547
2024-01-24 06:00:00,39798.85,39888.0,39661.91,39888.0,1359.63753
2024-01-24 07:00:00,39888.0,40191.97,39821.02,39981.09,2365.65855
2024-01-24 08:00:00,39981.09,40137.44,39859.51,39954.53,1325.22092
2024-01-24 09:00:00,39954.53,40104.95,39910.38,40024.81,1235.71287
2024-01-24 10:00:00,40024.82,40555.0,39985.49,40352.42,2438.24395
2024-01-24 11:00:00,40352.42,40373.98,40100.0,40209.34,1433.94563
2024-01-24 12:00:00,40209.34,40298.86,39975.78,40029.66,1663.46694
2024-01-24 13:00:00,40029.66,40122.83,39885.0,39984.87,1525.73714
2024-01-24 14:00:00,39984.87,40222.43,39766.0,39914.01,3051.04305
2024-01-24 15:00:00,39914.0,40118.26,39840.0,40050.71,1880.47332
2024-01-24 16:00:00,40050.72,40190.61,39923.42,40190.02,1600.34595
2024-01-24 17:00:00,40190.01,40207.0,40047.36,40141.98,1229.58381
2024-01-24 18:00:00,40141.98,40150.18,39615.76,39761.11,2000.38477
2024-01-24 19:00:00,39761.1,39847.44,39640.58,39803.05,884.85462
2024-01-24 20:00:00,39803.04,40000.0,39511.61,39544.4,1926.08163
2024-01-24 21:00:00,39544.4,39792.75,39484.19,39792.74,1240.02202
2024-01-24 22:00:00,39792.75,39900.0,39754.11,39875.98,596.56918
2024-01-24 23:00:00,39875.98,40175.11,39849.06,40084.88,1244.96885
2024-01-25 00:00:00,40084.89,40178.84,40012.0,40170.15,1009.56617
2024-01-25 01:00:00,40170.15,40178.62,39925.79,39978.83,1209.84353
2024-01-25 02:00:00,39978.84,40065.62,39914.0,39939.84,556.29622
2024-01-25 03:00:00,39939.84,40099.87,39931.86,40012.01,708.95318
2024-01-25 04:00:00,40012.01,40032.5,39912.0,39956.89,776.13036
2024-01-25 05:00:00,39956.88,39965.0,39792.01,39876.47,1073.67047
2024-01-25 06:00:00,39876.47,40050.0,39876.46,40035.0,942.6811
2024-01-25 07:00:00,40035.01,40135.37,39985.57,40130.0,855.68848
2024-01-25 08:00:00,40130.0,40177.68,40028.01,40080.23,784.23093
2024-01-25 09:00:00,40080.23,40130.0,40023.79,40031.54,763.59512
2024-01-25 10:00:00,40031.53,40121.0,39957.44,40115.99,1233.34302
2024-01-25 11:00:00,40116.0,40300.24,40080.12,40178.07,1842.66754
2024-01-25 12:00:00,40178.07,40283.82,39798.68,39859.81,2316.54371
2024-01-25 13:00:00,39859.81,39965.03,39731.64,39913.84,1669.62305
2024-01-25 14:00:00,39913.84,40090.19,39862.59,40012.94,1760.22455
2024-01-25 15:00:00,40012.93,40046.07,39623.4,39804.24,2406.58999
2024-01-25 16:00:00,39804.23,39852.2,39666.66,39710.32,1765.66859
2024-01-25 17:00:00,39710.33,39844.91,39550.0,39803.16,1771.49832
2024-01-25 18:00:00,39803.16,40044.91,39725.0,39842.64,2788.5616
2024-01-25 19:00:00,39842.63,39991.24,39734.0,39989.25,1076.4391
2024-01-25 20:00:00,39989.25,39995.99,39637.99,39838.31,1432.49568
2024-01-25 21:00:00,39838.3,39935.94,39792.02,39929.6,1064.77144
2024-01-25 22:00:00,39929.6,39981.1,39888.23,39956.31,579.54506
2024-01-25 23:00:00,39956.32,39984.32,39893.03,39961.09,633.49132
2024-01-26 00:00:00,39961.09,39970.71,39884.14,39895.92,473.15533
2024-01-26 01:00:00,39895.93,39959.45,39822.52,39937.78,572.62062
2024-01-26 02:00:00,39937.77,40245.0,39937.77,40144.31,1519.9574
2024-01-26 03:00:00,40144.3,40191.92,40067.52,40067.52,614.84384
2024-01-26 04:00:00,40067.52,40220.0,40067.52,40149.26,594.42059
2024-01-26 05:00:00,40149.25,40180.71,40083.92,40102.4,529.74803
2024-01-26 06:00:00,40102.4,40156.56,39988.69,40002.83,643.2162
2024-01-26 07:00:00,40002.84,40028.85,39896.84,39969.99,1627.61036
2024-01-26 08:00:00,39970.0,40176.47,39962.14,40133.8,1038.20517
2024-01-26 09:00:00,40133.79,40411.39,40037.5,40079.82,2097.66496
2024-01-26 10:00:00,40079.83,40755.98,40068.0,40692.64,3407.41985
2024-01-26 11:00:00,40692.64,41348.13,40684.79,41289.52,4980.03788
2024-01-26 12:00:00,41289.52,41500.0,41091.93,41140.01,4270.58522
2024-01-26 13:00:00,41140.01,41229.76,40914.5,41021.65,2049.46599
2024-01-26 14:00:00,41021.65,41588.0,41021.65,41588.0,2212.73241
2024-01-26 15:00:00,41588.0,41588.0,41218.0,41422.99,3619.35725
2024-01-26 16:00:00,41422.98,41995.99,41405.31,41961.14,4401.51543
2024-01-26 17:00:00,41961.15,42010.02,41752.83,41915.16,2539.86023
2024-01-26 18:00:00,41915.17,42193.8,41851.5,42105.01,2701.00331
2024-01-26 19:00:00,42105.0,42125.0,41936.0,42064.49,1717.73397
2024-01-26 20:00:00,42064.48,42246.82,41838.83,41977.18,2276.19959
2024-01-26 21:00:00,41977.18,42048.0,41878.93,41998.78,1148.22293
2024-01-26 22:00:00,41998.77,42011.75,41820.64,41906.28,1674.96289
2024-01-26 23:00:00,41906.28,41972.0,41800.02,41823.51,674.42781
2024-01-27 00:00:00,41823.51,41866.67,41708.0,41785.94,930.043
2024-01-27 01:00:00,41785.94,41933.17,41768.5,41818.86,630.61808
2024-01-27 02:00:00,41818.86,41896.09,41815.48,41838.59,382.71397
2024-01-27 03:00:00,41838.6,41865.21,41765.64,41815.01,832.99188
2024-01-27 04:00:00,41815.01,41875.67,41791.1,41844.26,491.10343
2024-01-27 05:00:00,41844.26,41890.0,41738.59,41762.48,435.4705
2024-01-27 06:00:00,41762.49,41812.0,41691.24,41704.04,559.96951
2024-01-27 07:00:00,41704.04,41729.41,41602.01,41710.14,898.52317
2024-01-27 08:00:00,41710.15,41719.85,41421.21,41470.01,1368.20378
2024-01-27 09:00:00,41470.01,41742.7,41394.34,41669.78,1071.11625
2024-01-27 10:00:00,41669.79,41800.0,41651.1,41747.3,732.18207
2024-01-27 11:00:00,41747.31,41786.87,41702.88,41761.23,575.83689
2024-01-27 12:00:00,41761.22,41807.03,41714.0,41750.0,612.54473
2024-01-27 13:00:00,41750.01,41806.55,41725.21,41742.44,419.38468
2024-01-27 14:00:00,41742.44,41818.39,41731.01,41766.0,493.43458
2024-01-27 15:00:00,41765.99,41894.87,41733.6,41814.0,581.25856
2024-01-27 16:00:00,41813.99,41895.74,41791.22,41810.18,609.18361
2024-01-27 17:00:00,41810.17,41845.34,41774.07,41779.28,448.23397
2024-01-27 18:00:00,41779.28,41817.64,41745.26,41797.62,392.55791
2024-01-27 19:00:00,41797.62,41986.06,41790.87,41910.47,806.22964
2024-01-27 20:00:00,41910.48,42076.7,41910.47,42059.93,664.97501
2024-01-27 21:00:00,42059.94,42176.47,42022.92,42150.59,746.05127
2024-01-27 22:00:00,42150.59,42200.0,42079.25,42155.51,624.6537
2024-01-27 23:00:00,42155.5,42171.08,42090.0,42120.63,917.13648
2024-01-28 00:00:00,42120.63,42145.28,41925.0,41990.85,968.77133
2024-01-28 01:00:00,41990.85,42244.0,41990.85,42100.0,1661.33541
2024-01-28 02:00:00,42100.0,42177.4,42100.0,42102.22,700.8102
2024-01-28 03:00:00,42102.21,42244.0,42100.0,42231.83,600.99075
2024-01-28 04:00:00,42231.84,42765.22,42228.64,42720.32,2631.50653
2024-01-28 05:00:00,42720.33,42842.68,42453.41,42562.44,2401.725
2024-01-28 06:00:00,42562.45,42577.81,42293.66,42413.27,1652.27318
2024-01-28 07:00:00,42413.27,42530.63,42359.13,42388.82,1168.39227
2024-01-28 08:00:00,42388.82,42614.18,42323.14,42491.1,1299.94364
2024-01-28 09:00:00,42491.09,42698.0,42424.0,42575.03,1422.02088
2024-01-28 10:00:00,42575.02,42645.83,42500.0,42600.02,683.9497
2024-01-28 11:00:00,42600.03,42612.62,42357.88,42471.98,1042.17023
2024-01-28 12:00:00,42471.98,42493.33,42291.11,42417.04,1188.06665
2024-01-28 13:00:00,42417.04,42449.99,42240.22,42397.18,910.01882
2024-01-28 14:00:00,42397.19,42544.0,42252.13,42288.0,910.41591
2024-01-28 15:00:00,42288.0,42411.1,42155.55,42258.01,970.07038
2024-01-28 16:00:00,42258.0,42354.7,42136.58,42312.34,755.82534
2024-01-28 17:00:00,42312.35,42312.35,42100.0,42168.17,755.94073
2024-01-28 18:00:00,42168.16,42170.4,41920.51,41971.67,1049.86327
2024-01-28 19:00:00,41971.67,42025.0,41721.08,41785.92,1257.9253
2024-01-28 20:00:00,41785.91,41969.75,41681.72,41945.09,1140.40494
2024-01-28 21:00:00,41945.09,42028.0,41810.0,41979.59,626.47209
2024-01-28 22:00:00,41979.59,41979.59,41620.81,41834.0,726.07206
2024-01-28 23:00:00,41834.01,42073.81,41753.19,42031.06,770.03377
2024-01-29 00:00:00,42031.05,42069.23,41874.94,41971.42,735.96031
2024-01-29 01:00:00,41971.43,42318.31,41967.57,42160.21,893.00449
2024-01-29 02:00:00,42160.21,42328.67,42127.96,42237.56,689.79483
2024-01-29 03:00:00,42237.56,42504.0,42237.56,42331.2,1118.92636
2024-01-29 04:00:00,42331.19,42345.36,42195.61,42218.0,560.51436
2024-01-29 05:00:00,42218.0,42284.94,42131.1,42144.23,656.26092
2024-01-29 06:00:00,42144.23,42251.75,42133.0,42163.23,643.13454
2024-01-29 07:00:00,42163.24,42242.15,41988.88,42053.46,875.94242
2024-01-29 08:00:00,42053.45,42151.26,41966.02,42122.85,711.30358
2024-01-29 09:00:00,42122.85,42329.93,41961.1,42295.67,946.51948
2024-01-29 10:00:00,42295.9,42381.1,42208.2,42313.18,867.1729
2024-01-29 11:00:00,42313.18,42353.27,42191.1,42246.95,679.92992
2024-01-29 12:00:00,42246.95,42371.1,41975.0,42102.66,1381.93262
2024-01-29 13:00:00,42102.67,42139.21,41930.88,42006.7,1287.44408
2024-01-29 14:00:00,42006.71,42104.98,41804.88,41951.86,1502.31136
2024-01-29 15:00:00,41951.86,42647.27,41882.33,42641.75,2591.39618
2024-01-29 16:00:00,42641.75,43313.8,42518.0,43200.0,5705.29111
2024-01-29 17:00:00,43200.01,43308.69,42920.01,42996.57,2648.14943
2024-01-29 18:00:00,42996.56,43118.1,42883.72,43028.75,1544.40022
2024-01-29 19:00:00,43028.74,43152.47,42978.29,42995.99,1416.98804
2024-01-29 20:00:00,42995.99,43199.99,42982.66,43147.6,1242.65529
2024-01-29 21:00:00,43147.61,43263.15,43061.66,43176.29,1186.41986
2024-01-29 22:00:00,43176.29,43210.31,43081.1,43111.1,685.97624
2024-01-29 23:00:00,43111.11,43333.0,43078.11,43302.7,971.31353
2024-01-30 00:00:00,43302.71,43310.97,43133.9,43162.02,944.79046
2024-01-30 01:00:00,43162.02,43559.0,43157.15,43439.51,2487.03277
2024-01-30 02:00:00,43439.51,43787.35,43439.51,43615.15,1837.02834
2024-01-30 03:00:00,43615.15,43685.2,43460.02,43519.71,1493.36525
2024-01-30 04:00:00,43519.71,43570.09,43412.0,43421.49,817.52946
2024-01-30 05:00:00,43421.5,43465.22,43342.0,43365.04,650.69606
2024-01-30 06:00:00,43365.03,43422.71,43259.26,43340.68,792.67818
2024-01-30 07:00:00,43340.68,43446.11,43323.82,43358.25,1091.75741
2024-01-30 08:00:00,43358.24,43467.03,43215.76,43432.1,1235.47793
2024-01-30 09:00:00,43432.1,43459.89,43320.4,43324.4,893.68806
2024-01-30 10:00:00,43324.41,43510.0,43295.55,43482.01,949.27329
2024-01-30 11:00:00,43482.01,43564.85,43414.41,43537.74,1045.71402
2024-01-30 12:00:00,43537.75,43882.36,43257.39,43394.53,3427.46676
2024-01-30 13:00:00,43394.54,43480.0,43153.06,43287.61,1976.10308
2024-01-30 14:00:00,43287.61,43498.0,43114.13,43473.99,1788.03155
2024-01-30 15:00:00,43474.0,43622.0,43292.98,43375.5,2628.65407
2024-01-30 16:00:00,43375.5,43516.06,43224.0,43499.03,1844.52412
2024-01-30 17:00:00,43499.03,43599.0,43306.51,43398.31,1501.00015
2024-01-30 18:00:00,43398.31,43496.0,43282.94,43371.63,1362.58564
2024-01-30 19:00:00,43371.64,43574.8,43336.35,43547.98,1126.04706
2024-01-30 20:00:00,43547.99,43760.0,43480.18,43561.1,2556.66446
2024-01-30 21:00:00,43561.1,43694.15,43488.32,43546.07,1431.55277
2024-01-30 22:00:00,43546.07,43574.8,43326.27,43327.77,1000.28757
2024-01-30 23:00:00,43327.78,43354.48,42683.99,42941.1,2737.297
2024-01-31 00:00:00,42941.1,43107.77,42850.0,42933.21,1782.346
2024-01-31 01:00:00,42933.2,43000.0,42724.31,42782.82,1138.38172
2024-01-31 02:00:00,42782.81,42899.55,42655.07,42883.0,1250.57913
2024-01-31 03:00:00,42883.01,42991.49,42861.1,42930.07,742.17294
2024-01-31 04:00:00,42930.06,42994.27,42871.1,42962.64,599.95705
2024-01-31 05:00:00,42962.64,43050.04,42924.13,42980.0,695.26876
2024-01-31 06:00:00,42980.0,43061.3,42909.2,42975.93,698.88654
2024-01-31 07:00:00,42975.92,43087.93,42945.0,43050.01,845.39333
2024-01-31 08:00:00,43050.01,43091.1,42938.35,42978.01,701.56744
2024-01-31 09:00:00,42978.0,42978.01,42585.17,42646.0,1698.27618
2024-01-31 10:00:00,42645.99,42796.72,42383.0,42384.73,2369.64791
2024-01-31 11:00:00,42384.72,42678.03,42355.0,42647.98,1346.7386
2024-01-31 12:00:00,42647.98,42729.36,42550.54,42622.81,1259.93539
2024-01-31 13:00:00,42622.8,42925.52,42521.31,42803.92,1599.83425
2024-01-31 14:00:00,42803.91,42988.97,42571.1,42882.08,2001.57212
2024-01-31 15:00:00,42882.08,43465.02,42691.1,43361.1,3277.41349
2024-01-31 16:00:00,43361.11,43611.8,43294.46,43474.81,2297.91748
2024-01-31 17:00:00,43474.81,43745.1,43432.01,43715.04,1913.45351
2024-01-31 18:00:00,43715.04,43745.11,43474.13,43513.38,1499.79579
2024-01-31 19:00:00,43513.38,43551.99,43041.1,43334.64,2549.59458
2024-01-31 20:00:00,43334.63,43361.1,42519.92,42541.18,3928.70425
2024-01-31 21:00:00,42541.19,42707.68,42276.84,42487.12,3017.45402
2024-01-31 22:00:00,42487.12,42690.42,42381.1,42656.07,1398.3185
2024-01-31 23:00:00,42656.07,42688.88,42555.46,42580.0,1257.9279
2024-02-01 00:00:00,42580.0,42687.63,42220.85,42474.95,1507.53813
2024-02-01 01:00:00,42474.96,42476.0,41884.28,41983.54,2384.42419
2024-02-01 02:00:00,41983.54,42176.87,41958.71,42162.56,1253.03633
2024-02-01 03:00:00,42162.55,42190.4,41958.71,42015.65,1014.26773
2024-02-01 04:00:00,42015.65,42141.68,41889.95,42073.43,1689.40041
2024-02-01 05:00:00,42073.43,42198.0,42028.41,42156.5,1043.08963
2024-02-01 06:00:00,42156.5,42225.47,42123.35,42192.4,1034.13285
2024-02-01 07:00:00,42192.39,42300.0,42124.59,42190.16,1046.12528
2024-02-01 08:00:00,42190.15,42250.0,42125.25,42244.54,819.12804
2024-02-01 09:00:00,42244.54,42261.81,42130.0,42148.31,744.12464
2024-02-01 10:00:00,42148.31,42331.1,42112.95,42226.02,1161.43848
2024-02-01 11:00:00,42226.01,42298.03,42026.52,42087.52,1278.06135
2024-02-01 12:00:00,42087.52,42237.24,41944.89,42142.8,1494.45184
2024-02-01 13:00:00,42142.81,42294.0,41981.17,42219.61,1253.09846
2024-02-01 14:00:00,42219.61,42657.48,42186.0,42651.1,2229.76128
2024-02-01 15:00:00,42651.1,42946.6,42516.11,42516.12,2881.0304
2024-02-01 16:00:00,42516.12,42698.0,42364.0,42658.15,1874.20315
2024-02-01 17:00:00,42658.15,43169.23,42628.0,42924.0,2693.82895
2024-02-01 18:00:00,42923.99,43053.03,42771.82,42847.06,1644.6931
2024-02-01 19:00:00,42847.07,43285.13,42831.11,43218.94,1870.84384
2024-02-01 20:00:00,43218.94,43279.91,42895.86,43011.83,1625.6493
2024-02-01 21:00:00,43011.83,43220.0,42967.19,43096.41,1259.54812
2024-02-01 22:00:00,43096.42,43111.1,42872.91,42927.11,731.61076
2024-02-01 23:00:00,42927.12,43086.13,42886.33,43082.94,697.56038
2024-02-02 00:00:00,43082.95,43432.63,43046.48,43174.41,1792.3848
2024-02-02 01:00:00,43174.41,43296.35,43104.79,43121.1,1034.42382
2024-02-02 02:00:00,43121.1,43200.0,43039.0,43080.41,963.35197
2024-02-02 03:00:00,43080.4,43108.48,43026.15,43037.25,456.17682
2024-02-02 04:00:00,43037.25,43061.11,42943.71,42966.65,530.31751
2024-02-02 05:00:00,42966.65,43140.25,42951.1,43103.97,726.6574
2024-02-02 06:00:00,43103.98,43271.1,43086.95,43165.0,1382.5648
2024-02-02 07:00:00,43165.0,43258.03,43086.89,43086.89,1424.82076
2024-02-02 08:00:00,43086.9,43107.97,42957.7,43015.99,1112.07579
2024-02-02 09:00:00,43015.99,43081.09,42957.43,42980.91,905.74704
2024-02-02 10:00:00,42980.91,43140.0,42941.1,43122.48,1137.69292
2024-02-02 11:00:00,43122.47,43199.0,43060.0,43148.41,939.24926
2024-02-02 12:00:00,43148.42,43239.57,43060.0,43130.81,1277.78253
2024-02-02 13:00:00,43130.81,43146.17,42546.79,42694.01,2822.02176
2024-02-02 14:00:00,42694.01,42913.01,42610.0,42805.35,1700.43067
2024-02-02 15:00:00,42805.35,43250.0,42750.0,43242.09,2693.30089
2024-02-02 16:00:00,43242.1,43488.0,43100.0,43216.36,2806.19754
2024-02-02 17:00:00,43216.35,43296.0,42901.1,42958.47,1481.05645
2024-02-02 18:00:00,42958.47,42990.0,42783.09,42928.01,1174.01302
2024-02-02 19:00:00,42928.0,43080.0,42920.36,43061.97,901.39668
2024-02-02 20:00:00,43061.98,43089.91,42900.48,42952.65,782.65743
2024-02-02 21:00:00,42952.65,43067.78,42950.63,42995.17,484.16268
2024-02-02 22:00:00,42995.16,43226.61,42995.16,43202.59,569.5409
2024-02-02 23:00:00,43202.6,43238.01,43132.46,43200.0,574.12074
2024-02-03 00:00:00,43199.99,43380.01,43151.11,43229.07,970.35215
2024-02-03 01:00:00,43229.07,43322.0,43192.79,43221.1,509.33294
2024-02-03 02:00:00,43221.11,43233.55,43154.28,43187.98,402.3204
2024-02-03 03:00:00,43187.98,43234.03,43142.0,43173.94,341.21743
2024-02-03 04:00:00,43173.95,43222.75,43153.68,43191.67,296.33943
2024-02-03 05:00:00,43191.66,43209.11,43095.56,43168.78,431.51848
2024-02-03 06:00:00,43168.78,43168.82,43081.1,43095.39,294.70009
2024-02-03 07:00:00,43095.39,43133.96,43040.0,43053.05,323.55811
2024-02-03 08:00:00,43053.05,43089.58,43004.0,43016.79,386.45599
2024-02-03 09:00:00,43016.78,43123.43,43016.78,43092.13,425.87144
2024-02-03 10:00:00,43092.12,43125.28,43041.79,43062.07,413.1643
2024-02-03 11:00:00,43062.07,43062.07,42973.66,42995.04,584.93265
2024-02-03 12:00:00,42995.04,43084.82,42974.99,43070.25,458.199
2024-02-03 13:00:00,43070.25,43093.52,43041.1,43071.59,329.10642
2024-02-03 14:00:00,43071.6,43081.96,43022.9,43042.27,414.56612
2024-02-03 15:00:00,43042.28,43190.0,42880.0,43119.06,1304.09113
2024-02-03 16:00:00,43119.06,43186.77,43072.53,43095.04,620.63671
2024-02-03 17:00:00,43095.04,43270.0,43091.1,43230.01,842.36557
2024-02-03 18:00:00,43230.0,43243.52,43028.88,43070.35,806.97707
2024-02-03 19:00:00,43070.35,43088.82,43016.28,43061.09,401.64152
2024-02-03 20:00:00,43061.09,43104.68,43007.44,43065.15,347.05646
2024-02-03 21:00:00,43065.15,43093.04,43027.18,43045.02,300.90176
2024-02-03 22:00:00,43045.01,43076.98,43013.05,43031.31,302.27852
2024-02-03 23:00:00,43031.32,43075.39,42953.33,43011.09,525.82629
2024-02-04 00:00:00,43011.1,43017.44,42880.01,43008.15,746.00106
2024-02-04 01:00:00,43008.14,43044.56,42948.32,43041.33,280.68765
2024-02-04 02:00:00,43041.32,43068.79,43021.41,43022.65,272.52037
2024-02-04 03:00:00,43022.64,43047.98,43022.64,43027.16,157.7098
2024-02-04 04:00:00,43027.16,43029.17,42901.19,42916.5,325.57336
2024-02-04 05:00:00,42916.5,42960.09,42862.51,42892.38,541.39
2024-02-04 06:00:00,42892.39,42932.74,42743.95,42746.13,761.57396
2024-02-04 07:00:00,42746.13,42862.18,42720.07,42845.03,579.8317
2024-02-04 08:00:00,42845.03,42845.03,42774.47,42795.25,389.8882
2024-02-04 09:00:00,42795.24,42986.4,42741.6,42942.73,1001.63504
2024-02-04 10:00:00,42942.73,42944.61,42872.3,42944.0,415.49135
2024-02-04 11:00:00,42944.0,43119.04,42931.32,43060.1,770.93915
2024-02-04 12:00:00,43060.09,43115.76,42994.43,42994.44,616.83738
2024-02-04 13:00:00,42994.44,43037.92,42963.53,42995.52,426.19642
2024-02-04 14:00:00,42995.53,43016.16,42850.0,42874.0,927.07957
2024-02-04 15:00:00,42874.0,42954.59,42845.51,42943.21,574.59974
2024-02-04 16:00:00,42943.2,42943.21,42881.14,42913.16,405.86823
2024-02-04 17:00:00,42913.16,42969.79,42841.1,42899.45,679.14031
2024-02-04 18:00:00,42899.44,42942.95,42757.0,42794.01,793.22597
2024-02-04 19:00:00,42794.0,42818.04,42573.17,42636.44,1729.87924
2024-02-04 20:00:00,42636.43,42938.0,42541.4,42880.78,1400.52338
2024-02-04 21:00:00,42880.79,42985.73,42772.18,42779.97,898.18268
2024-02-04 22:00:00,42779.97,42880.93,42222.0,42571.62,1588.48589
2024-02-04 23:00:00,42571.61,42652.5,42506.99,42582.88,783.63359
2024-02-05 00:00:00,42582.88,42629.41,42355.01,42360.96,1080.113
2024-02-05 01:00:00,42360.96,42546.76,42258.1,42529.67,1092.95799
2024-02-05 02:00:00,42529.67,42529.68,42379.01,42447.06,751.20014
2024-02-05 03:00:00,42447.07,42729.02,42447.06,42718.31,784.73907
2024-02-05 04:00:00,42718.31,42825.0,42670.12,42749.13,864.87503
2024-02-05 05:00:00,42749.13,42777.25,42642.0,42777.24,739.00099
2024-02-05 06:00:00,42777.24,42843.75,42697.52,42819.32,624.34278
2024-02-05 07:00:00,42819.31,43176.39,42792.01,43071.88,1954.08375
2024-02-05 08:00:00,43071.87,43195.36,42991.15,43033.53,1186.42906
2024-02-05 09:00:00,43033.53,43067.33,42954.54,43037.59,633.02755
2024-02-05 10:00:00,43037.59,43268.98,43037.59,43143.34,1486.58066
2024-02-05 11:00:00,43143.35,43205.35,43080.0,43194.08,768.52047
2024-02-05 12:00:00,43194.08,43299.0,43122.23,43255.36,809.69119
2024-02-05 13:00:00,43255.35,43569.76,43219.05,43447.67,2642.99233
2024-02-05 14:00:00,43447.67,43493.2,43150.91,43195.28,1643.23083
2024-02-05 15:00:00,43195.28,43195.29,42600.11,42644.03,2914.13067
2024-02-05 16:00:00,42644.04,42771.1,42501.0,42741.69,2335.75351
2024-02-05 17:00:00,42741.7,42853.7,42660.0,42720.94,1093.66841
2024-02-05 18:00:00,42720.94,42738.95,42574.35,42730.89,873.21216
2024-02-05 19:00:00,42730.89,42869.66,42703.43,42765.36,766.75568
2024-02-05 20:00:00,42765.35,42798.37,42333.33,42426.01,1989.29246
2024-02-05 21:00:00,42426.0,42556.89,42365.81,42386.0,922.78119
2024-02-05 22:00:00,42386.01,42530.23,42330.52,42504.74,656.59281
2024-02-05 23:00:00,42504.73,42722.3,42462.16,42708.7,853.78732
2024-02-06 00:00:00,42708.7,42730.0,42591.1,42600.34,588.85344
2024-02-06 01:00:00,42600.34,42769.22,42574.0,42671.11,594.07204
2024-02-06 02:00:00,42671.11,42941.47,42650.0,42852.19,1035.93674
2024-02-06 03:00:00,42852.18,42960.01,42769.96,42851.11,678.30297
2024-02-06 04:00:00,42851.1,42926.73,42784.26,42826.18,571.81254
2024-02-06 05:00:00,42826.18,42846.0,42753.99,42785.28,385.73964
2024-02-06 06:00:00,42785.27,42796.16,42667.0,42780.46,559.29759
2024-02-06 07:00:00,42780.46,42911.1,42743.81,42890.0,684.44354
2024-02-06 08:00:00,42889.99,43089.38,42887.48,43069.02,1396.7869
2024-02-06 09:00:00,43069.02,43119.9,42950.0,42991.55,1201.85225
2024-02-06 10:00:00,42991.56,43100.0,42670.61,42799.5,2004.02342
2024-02-06 11:00:00,42799.49,42853.84,42701.04,42826.96,977.01483
2024-02-06 12:00:00,42826.96,42895.73,42658.0,42789.36,1173.54011
2024-02-06 13:00:00,42789.36,43010.01,42739.94,42881.33,1361.85192
2024-02-06 14:00:00,42881.34,43093.83,42815.75,42942.8,1262.74237
2024-02-06 15:00:00,42942.79,43270.89,42897.97,43244.89,2151.59923
2024-02-06 16:00:00,43244.89,43399.98,43149.64,43165.46,2071.12259
2024-02-06 17:00:00,43165.46,43269.75,43101.7,43180.66,1157.15112
2024-02-06 18:00:00,43180.67,43256.62,43000.0,43200.31,1022.22951
2024-02-06 19:00:00,43200.31,43295.04,43119.61,43278.78,841.09052
2024-02-06 20:00:00,43278.79,43322.0,43070.29,43095.67,938.3742
2024-02-06 21:00:00,43095.67,43273.06,43060.28,43166.31,776.4339
2024-02-06 22:00:00,43166.31,43217.11,43114.73,43199.98,480.74641
2024-02-06 23:00:00,43199.97,43222.94,43032.71,43098.95,760.83655
2024-02-07 00:00:00,43098.96,43192.0,43049.23,43096.47,732.59917
2024-02-07 01:00:00,43096.46,43186.98,43043.95,43049.71,551.08075
2024-02-07 02:00:00,43049.71,43101.12,43001.1,43049.04,506.66
2024-02-07 03:00:00,43049.04,43049.04,42788.0,42800.0,1177.75777
2024-02-07 04:00:00,42799.99,42946.15,42794.67,42929.18,729.3539
2024-02-07 05:00:00,42929.18,43051.1,42882.0,43029.12,625.33484
2024-02-07 06:00:00,43029.12,43030.61,42891.52,42961.92,565.82276
2024-02-07 07:00:00,42961.92,43006.0,42900.0,42918.03,552.74195
2024-02-07 08:00:00,42918.02,42969.08,42872.37,42942.83,496.6846
2024-02-07 09:00:00,42942.82,43200.0,42907.62,43146.0,953.76251
2024-02-07 10:00:00,43146.01,43151.1,42838.01,42897.94,1071.70228
2024-02-07 11:00:00,42897.94,42992.84,42870.0,42928.29,779.26601
2024-02-07 12:00:00,42928.28,43103.1,42890.51,43073.28,919.57696
2024-02-07 13:00:00,43073.29,43179.56,43038.53,43141.98,866.26403
2024-02-07 14:00:00,43141.97,43325.03,42941.1,43028.6,2091.84728
2024-02-07 15:00:00,43028.59,43190.43,42921.1,43071.08,1296.95027
2024-02-07 16:00:00,43071.08,43245.48,43013.75,43240.71,1332.20333
2024-02-07 17:00:00,43240.7,43710.0,43228.0,43499.91,4634.721
2024-02-07 18:00:00,43499.91,43670.0,43460.22,43650.96,2187.08017
2024-02-07 19:00:00,43650.95,43699.98,43431.1,43615.47,1492.8098
2024-02-07 20:00:00,43615.47,44261.1,43615.47,44131.37,5364.35734
2024-02-07 21:00:00,44131.37,44396.5,44113.96,44185.96,2672.37987
2024-02-07 22:00:00,44185.95,44344.0,44125.88,44160.69,1224.25664
2024-02-07 23:00:00,44160.68,44363.8,44152.68,44349.6,1567.38592
2024-02-08 00:00:00,44349.6,44698.46,44331.1,44676.01,3531.43254
2024-02-08 01:00:00,44676.02,44695.47,44476.92,44654.73,1683.51254
2024-02-08 02:00:00,44654.73,44780.0,44536.01,44648.32,2033.36119
2024-02-08 03:00:00,44648.33,44727.42,44534.0,44540.99,1587.88976
2024-02-08 04:00:00,44540.98,44605.0,44480.53,44489.9,806.92713
2024-02-08 05:00:00,44489.89,44633.78,44489.89,44552.9,1056.72544
2024-02-08 06:00:00,44552.89,44576.0,44450.0,44463.99,805.47228
2024-02-08 07:00:00,44463.99,44545.99,44427.01,44513.24,805.39107
2024-02-08 08:00:00,44513.25,44744.0,44513.24,44718.33,1350.57478
2024-02-08 09:00:00,44718.33,44788.01,44612.66,44692.81,1179.72665
2024-02-08 10:00:00,44692.82,44850.0,44686.61,44828.27,1663.73936
2024-02-08 11:00:00,44828.26,44885.0,44685.89,44698.97,1664.23633
2024-02-08 12:00:00,44698.97,44841.1,44606.0,44689.2,1322.97171
2024-02-08 13:00:00,44689.21,45000.0,44684.87,44984.0,2206.39765
2024-02-08 14:00:00,44984.0,45241.4,44868.01,45077.99,4347.04013
2024-02-08 15:00:00,45077.99,45467.14,44950.0,45432.3,4036.9942
2024-02-08 16:00:00,45432.3,45498.0,44904.13,45066.01,3579.95002
2024-02-08 17:00:00,45066.0,45239.53,44890.0,45042.53,2359.49348
2024-02-08 18:00:00,45042.54,45318.35,44991.1,45302.46,1457.17287
2024-02-08 19:00:00,45302.47,45438.59,45230.0,45284.14,1536.9722
2024-02-08 20:00:00,45284.13,45614.3,45267.44,45496.21,2888.80631
2024-02-08 21:00:00,45496.2,45501.1,45278.07,45321.04,1535.35074
2024-02-08 22:00:00,45321.03,45409.81,45227.0,45272.55,946.0015
2024-02-08 23:00:00,45272.54,45407.62,45261.1,45288.65,1053.48243
2024-02-09 00:00:00,45288.66,45400.01,45242.12,45289.1,1082.7801
2024-02-09 01:00:00,45289.1,45500.0,45275.29,45492.0,815.61742
2024-02-09 02:00:00,45492.01,46384.27,45441.4,46285.23,4790.56244
2024-02-09 03:00:00,46285.22,46350.0,46033.09,46060.74,2793.57991
2024-02-09 04:00:00,46060.74,46148.0,45855.0,45960.73,1938.03283
2024-02-09 05:00:00,45960.74,46278.0,45932.56,46267.15,1565.75457
2024-02-09 06:00:00,46267.15,46269.2,46132.17,46195.91,977.22252
2024-02-09 07:00:00,46195.92,46425.03,46190.0,46202.0,2330.22305
2024-02-09 08:00:00,46202.01,46675.86,46201.53,46639.99,2562.74751
2024-02-09 09:00:00,46640.0,46750.0,46482.35,46522.0,2911.57888
2024-02-09 10:00:00,46522.0,46806.24,46521.99,46779.52,1734.15463
2024-02-09 11:00:00,46779.53,47299.88,46677.75,47180.02,4364.43199
2024-02-09 12:00:00,47180.01,47699.0,47126.29,47323.99,6269.54291
2024-02-09 13:00:00,47324.0,47640.82,47254.01,47465.96,3042.13286
2024-02-09 14:00:00,47465.97,47719.44,46652.0,47062.01,7226.43714
2024-02-09 15:00:00,47062.0,47271.1,46765.44,47159.99,4659.54706
2024-02-09 16:00:00,47159.99,47498.0,47134.0,47275.88,3475.83863
2024-02-09 17:00:00,47275.88,47661.99,47215.69,47652.24,3223.87771
2024-02-09 18:00:00,47652.24,48200.0,47489.47,47602.0,7081.27669
2024-02-09 19:00:00,47602.0,47663.71,47248.04,47509.48,3180.19736
2024-02-09 20:00:00,47509.48,47693.28,47457.13,47511.29,3010.02275
2024-02-09 21:00:00,47511.3,47600.0,47286.11,47507.25,1967.69425
2024-02-09 22:00:00,47507.24,47552.0,47035.92,47272.61,1337.29002
2024-02-09 23:00:00,47272.61,47283.69,47058.0,47132.77,1162.93777
2024-02-10 00:00:00,47132.78,47250.0,47044.88,47088.0,1111.66671
2024-02-10 01:00:00,47088.0,47355.23,47061.1,47302.01,1109.83397
2024-02-10 02:00:00,47302.01,47333.0,47275.06,47311.39,531.47681
2024-02-10 03:00:00,47311.4,47504.0,47311.39,47376.62,1148.05953
2024-02-10 04:00:00,47376.62,47430.03,47313.29,47409.5,534.44554
2024-02-10 05:00:00,47409.49,47421.29,47255.39,47326.83,489.20761
2024-02-10 06:00:00,47326.82,47350.0,47265.69,47349.99,473.08547
2024-02-10 07:00:00,47349.99,47352.98,47145.4,47151.72,658.5542
2024-02-10 08:00:00,47151.72,47274.0,47068.35,47087.7,832.29961
2024-02-10 09:00:00,47087.69,47228.07,47049.63,47066.0,762.14702
2024-02-10 10:00:00,47066.0,47172.69,46800.0,46884.22,1574.54712
2024-02-10 11:00:00,46884.22,47199.41,46851.65,47182.0,1377.94159
2024-02-10 12:00:00,47182.01,47267.98,47151.1,47231.55,968.00077
2024-02-10 13:00:00,47231.54,47378.41,47105.44,47303.59,1291.4362
2024-02-10 14:00:00,47303.58,47374.0,47236.89,47270.0,694.97488
2024-02-10 15:00:00,47270.0,47358.17,47249.55,47353.48,670.46692
2024-02-10 16:00:00,47353.48,47353.48,47198.0,47250.0,586.82519
2024-02-10 17:00:00,47249.99,47340.0,47154.52,47196.48,776.17718
2024-02-10 18:00:00,47196.49,47337.92,47182.31,47329.37,604.31858
2024-02-10 19:00:00,47329.38,47660.0,47304.72,47531.09,1413.68092
2024-02-10 20:00:00,47531.09,48170.0,47454.37,47878.0,2793.79967
2024-02-10 21:00:00,47878.0,48149.81,47775.01,47941.63,1930.43555
2024-02-10 22:00:00,47941.64,47954.0,47606.28,47825.9,1437.5822
2024-02-10 23:00:00,47825.9,47944.81,47700.0,47751.09,1031.39612
2024-02-11 00:00:00,47751.08,47779.57,47610.48,47732.43,751.47522
2024-02-11 01:00:00,47732.44,47759.05,47557.16,47626.58,647.86987
2024-02-11 02:00:00,47626.59,47776.2,47623.41,47774.23,574.29725
2024-02-11 03:00:00,47774.23,48557.0,47774.22,48519.61,4479.29883
2024-02-11 04:00:00,48519.6,48592.66,48261.49,48294.76,1661.3563
2024-02-11 05:00:00,48294.76,48340.0,48133.33,48224.7,925.81841
2024-02-11 06:00:00,48224.71,48314.54,48125.0,48221.94,1128.06797
2024-02-11 07:00:00,48221.94,48355.0,48061.1,48179.52,1037.19003
2024-02-11 08:00:00,48179.51,48286.55,48075.87,48140.0,800.50147
2024-02-11 09:00:00,48139.99,48223.59,48096.0,48139.99,717.14712
2024-02-11 10:00:00,48140.0,48187.62,47922.33,48142.78,1033.2732
2024-02-11 11:00:00,48142.79,48438.81,48138.05,48411.71,1356.06845
2024-02-11 12:00:00,48411.71,48469.07,48257.01,48291.01,1360.05282
2024-02-11 13:00:00,48291.01,48347.0,48026.53,48058.12,1774.25568
2024-02-11 14:00:00,48058.12,48245.01,47931.82,48234.56,1431.34837
2024-02-11 15:00:00,48234.55,48234.56,48028.87,48150.43,900.5631
2024-02-11 16:00:00,48150.43,48205.0,47948.38,48104.01,1274.71353
2024-02-11 17:00:00,48104.01,48394.29,48104.0,48292.0,1327.55281
2024-02-11 18:00:00,48292.01,48356.37,48012.0,48282.22,1282.83115
2024-02-11 19:00:00,48282.22,48388.0,48242.26,48284.0,756.31572
2024-02-11 20:00:00,48283.99,48375.0,47981.1,48034.55,1413.22456
2024-02-11 21:00:00,48034.55,48133.99,47971.18,48116.0,1072.59822
2024-02-11 22:00:00,48115.99,48230.47,48088.0,48136.0,1117.46161
2024-02-11 23:00:00,48135.99,48300.0,48021.81,48299.99,1135.52668
2024-02-12 00:00:00,48300.0,48826.81,48231.1,48604.0,3876.37218
2024-02-12 01:00:00,48604.01,48611.0,48333.0,48485.74,1430.13582
2024-02-12 02:00:00,48485.74,48540.0,48009.52,48151.1,1662.85798
2024-02-12 03:00:00,48151.1,48231.1,48069.96,48145.0,754.32016
2024-02-12 04:00:00,48145.0,48145.01,48022.8,48070.0,646.94197
2024-02-12 05:00:00,48070.0,48183.43,48065.33,48073.18,482.26385
2024-02-12 06:00:00,48073.18,48171.21,47755.81,48149.43,1679.36861
2024-02-12 07:00:00,48149.43,48382.27,48118.08,48203.98,1636.34482
2024-02-12 08:00:00,48203.98,48311.15,48057.72,48114.01,986.77915
2024-02-12 09:00:00,48114.0,48129.47,47833.33,47880.92,1312.3213
2024-02-12 10:00:00,47880.92,48070.01,47710.01,47872.07,1756.39686
2024-02-12 11:00:00,47872.06,47926.36,47750.0,47903.03,1389.27351
2024-02-12 12:00:00,47903.04,48035.59,47841.0,48032.0,998.16608
2024-02-12 13:00:00,48031.99,48049.99,47894.24,47949.85,821.4727
2024-02-12 14:00:00,47949.85,48798.0,47929.13,48798.0,4057.27981
2024-02-12 15:00:00,48797.99,49950.0,48669.39,49917.8,10844.63202
2024-02-12 16:00:00,49917.8,49949.95,49372.22,49582.33,5386.65429
2024-02-12 17:00:00,49582.34,50334.82,49551.1,49854.48,7188.22064
2024-02-12 18:00:00,49854.49,49995.0,49673.1,49741.96,2623.01792
2024-02-12 19:00:00,49741.96,49942.76,49500.0,49532.03,2080.05295
2024-02-12 20:00:00,49532.02,50240.0,49532.02,50162.96,2691.51991
2024-02-12 21:00:00,50162.97,50271.02,49805.71,49816.3,2151.09064
2024-02-12 22:00:00,49816.31,50076.0,49816.3,50021.1,1072.29466
2024-02-12 23:00:00,50021.09,50049.43,49815.4,49917.27,1482.18922
2024-02-13 00:00:00,49917.28,50160.57,49904.0,50101.7,1751.68312
2024-02-13 01:00:00,50101.71,50368.61,49990.0,50141.16,1894.40779
2024-02-13 02:00:00,50141.15,50155.08,49840.0,49947.57,1321.82342
2024-02-13 03:00:00,49947.57,49959.24,49724.33,49789.99,1207.29588
2024-02-13 04:00:00,49790.0,49971.1,49789.99,49902.46,742.81902
2024-02-13 05:00:00,49902.46,50050.0,49816.6,50050.0,854.83365
2024-02-13 06:00:00,50049.99,50099.0,49962.14,50000.0,894.78904
2024-02-13 07:00:00,50000.0,50117.84,49900.1,49983.09,1562.62636
2024-02-13 08:00:00,49983.09,50151.1,49972.0,50117.98,1531.24026
2024-02-13 09:00:00,50117.99,50247.0,50000.66,50204.99,2287.51431
2024-02-13 10:00:00,50204.98,50220.6,49842.98,49861.09,2273.04945
2024-02-13 11:00:00,49861.08,50032.14,49650.0,49988.12,2733.08983
2024-02-13 12:00:00,49988.12,49996.0,49791.1,49860.0,1347.40959
2024-02-13 13:00:00,49860.0,49930.22,49188.1,49528.06,4797.41297
2024-02-13 14:00:00,49528.05,49651.3,48400.0,48692.16,8589.65035
2024-02-13 15:00:00,48692.17,49009.95,48444.0,48727.47,4624.00024
2024-02-13 16:00:00,48727.47,48855.29,48460.08,48477.07,2764.1038
2024-02-13 17:00:00,48477.58,48888.88,48300.95,48844.19,3201.76673
2024-02-13 18:00:00,48844.18,49263.57,48825.0,49107.84,2659.17205
2024-02-13 19:00:00,49107.84,49268.21,48912.0,49036.73,1767.2182
2024-02-13 20:00:00,49036.74,49500.0,49011.1,49399.41,2745.41119
2024-02-13 21:00:00,49399.4,49743.34,49341.94,49525.0,1852.05652
2024-02-13 22:00:00,49524.99,49624.0,49315.69,49521.54,993.28324
2024-02-13 23:00:00,49521.53,49775.0,49358.0,49699.59,1154.91005
2024-02-14 00:00:00,49699.6,49712.94,49381.1,49482.81,1098.18833
2024-02-14 01:00:00,49482.8,49531.1,49333.0,49433.29,931.36429
2024-02-14 02:00:00,49433.29,49560.06,49378.07,49490.48,581.45418
2024-02-14 03:00:00,49490.47,49615.97,49471.44,49518.61,595.44621
2024-02-14 04:00:00,49518.61,49584.55,49225.01,49385.99,827.1498
2024-02-14 05:00:00,49385.99,49633.77,49385.99,49539.05,879.77535
2024-02-14 06:00:00,49539.05,49656.07,49512.4,49637.83,876.97938
2024-02-14 07:00:00,49637.83,49877.22,49627.52,49838.93,1415.02028
2024-02-14 08:00:00,49838.93,50800.0,49741.19,50758.0,4164.03121
2024-02-14 09:00:00,50758.0,51686.0,50626.53,51551.1,8448.03702
2024-02-14 10:00:00,51551.1,51585.99,51238.36,51300.0,3117.11841
2024-02-14 11:00:00,51300.01,51723.08,50984.8,51555.12,4171.93821
2024-02-14 12:00:00,51555.12,51828.93,51411.77,51575.5,3599.00599
2024-02-14 13:00:00,51575.5,51815.32,51506.2,51786.01,2435.52976
2024-02-14 14:00:00,51786.0,52043.71,51557.98,51908.45,4671.42903
2024-02-14 15:00:00,51908.45,51989.99,51276.24,51590.0,4728.5859
2024-02-14 16:00:00,51590.0,51750.0,51200.24,51581.35,3256.79429
2024-02-14 17:00:00,51581.34,51729.71,51484.54,51663.99,1867.14913
2024-02-14 18:00:00,51663.99,51686.0,51378.0,51445.45,1865.86007
2024-02-14 19:00:00,51445.44,51680.0,51202.44,51678.0,1879.61745
2024-02-14 20:00:00,51677.99,51866.01,51634.0,51686.14,2209.91599
2024-02-14 21:00:00,51686.15,51782.17,51464.0,51725.25,1245.46814
2024-02-14 22:00:00,51725.26,51811.05,51608.0,51792.43,802.81576
2024-02-14 23:00:00,51792.44,51888.0,51733.95,51795.17,1377.69983
2024-02-15 00:00:00,51795.17,52500.0,51763.47,52321.2,3790.36754
2024-02-15 01:00:00,52321.19,52351.1,51717.58,51901.45,2652.5704
2024-02-15 02:00:00,51901.46,52220.12,51866.23,52048.46,1670.84571
2024-02-15 03:00:00,52048.45,52390.0,52033.14,52343.32,1371.41333
2024-02-15 04:00:00,52343.32,52364.55,52114.71,52140.0,1462.67778
2024-02-15 05:00:00,52140.0,52235.29,51814.14,51955.66,1371.71894
2024-02-15 06:00:00,51955.67,52091.58,51840.27,51974.5,1309.61682
2024-02-15 07:00:00,51974.49,52100.0,51634.01,51776.61,2014.64205
2024-02-15 08:00:00,51776.6,51981.1,51650.0,51934.01,1324.11775
2024-02-15 09:00:00,51934.01,52261.36,51870.0,52165.99,1836.15509
2024-02-15 10:00:00,52166.0,52344.16,52096.0,52286.7,1699.22638
2024-02-15 11:00:00,52286.71,52498.12,52161.1,52330.0,1921.71223
2024-02-15 12:00:00,52330.0,52494.0,52080.0,52331.94,2139.43803
2024-02-15 13:00:00,52331.94,52353.55,52085.24,52217.73,1833.56019
2024-02-15 14:00:00,52217.72,52816.62,52078.0,52621.31,4519.44224
2024-02-15 15:00:00,52621.31,52660.0,51721.31,51948.23,5423.15108
2024-02-15 16:00:00,51948.24,52380.0,51742.0,52265.32,3408.06139
2024-02-15 17:00:00,52265.32,52317.3,51850.5,51875.59,2173.95966
2024-02-15 18:00:00,51875.6,52060.0,51831.34,51977.99,1611.13065
2024-02-15 19:00:00,51977.98,52056.0,51725.0,52002.01,2065.22624
2024-02-15 20:00:00,52002.01,52011.1,51569.81,51686.0,2961.36308
2024-02-15 21:00:00,51686.0,51807.65,51314.0,51327.27,2310.78155
2024-02-15 22:00:00,51327.27,51823.52,51317.0,51644.4,1489.34918
2024-02-15 23:00:00,51644.39,51973.48,51622.3,51880.0,1455.50324
2024-02-16 00:00:00,51880.01,52005.5,51803.6,51914.08,1048.15528
2024-02-16 01:00:00,51914.08,52155.5,51876.86,51952.63,1453.51703
2024-02-16 02:00:00,51952.63,52200.0,51848.06,52168.15,1105.26394
2024-02-16 03:00:00,52168.14,52328.0,52100.0,52280.25,1318.31237
2024-02-16 04:00:00,52280.25,52343.28,52121.1,52121.99,1100.67086
2024-02-16 05:00:00,52122.0,52198.99,52009.63,52064.38,1025.10353
2024-02-16 06:00:00,52064.39,52164.0,51845.0,51897.95,1287.80636
2024-02-16 07:00:00,51897.95,51959.0,51700.0,51731.99,2497.34557
2024-02-16 08:00:00,51732.0,52000.0,51688.44,51829.3,1732.23718
2024-02-16 09:00:00,51829.29,51977.4,51566.0,51827.99,2225.73346
2024-02-16 10:00:00,51827.99,52300.01,51791.1,52300.0,2193.83727
2024-02-16 11:00:00,52299.99,52435.86,52176.04,52213.86,2571.68653
2024-02-16 12:00:00,52213.87,52400.0,52103.21,52383.44,1419.72726
2024-02-16 13:00:00,52383.45,52494.0,52130.16,52464.0,2066.37992
2024-02-16 14:00:00,52464.0,52572.08,51758.0,51920.31,3725.75766
2024-02-16 15:00:00,51920.32,51933.39,51592.88,51888.01,3280.11153
2024-02-16 16:00:00,51888.01,52245.0,51844.42,52041.1,1866.6481
2024-02-16 17:00:00,52041.1,52071.09,51803.75,52016.78,1136.24362
2024-02-16 18:00:00,52016.78,52037.57,51824.98,51967.33,815.7568
2024-02-16 19:00:00,51967.33,52031.97,51655.0,51756.29,963.11327
2024-02-16 20:00:00,51756.29,51900.0,51681.1,51838.0,1080.89863
2024-02-16 21:00:00,51838.0,52008.19,51759.1,51982.01,613.53322
2024-02-16 22:00:00,51982.01,51995.88,51891.1,51977.86,413.76742
2024-02-16 23:00:00,51977.86,52208.43,51956.28,52124.11,830.64637
2024-02-17 00:00:00,52124.1,52162.82,52003.8,52003.8,548.24468
2024-02-17 01:00:00,52003.81,52026.24,51846.84,51971.33,525.07239
2024-02-17 02:00:00,51971.34,52018.0,51881.33,51935.85,369.06015
2024-02-17 03:00:00,51935.84,51974.0,51897.43,51968.75,306.26325
2024-02-17 04:00:00,51968.75,52057.54,51929.86,52011.62,517.13032
2024-02-17 05:00:00,52011.62,52013.54,51792.0,51918.98,520.02071
2024-02-17 06:00:00,51918.98,51950.0,51884.62,51925.59,362.14332
2024-02-17 07:00:00,51925.59,51960.0,51905.03,51911.33,414.60598
2024-02-17 08:00:00,51911.34,51911.34,51702.37,51740.01,837.7728
2024-02-17 09:00:00,51740.01,51795.76,51651.53,51676.4,931.13568
2024-02-17 10:00:00,51676.39,51729.24,51500.0,51721.67,1322.86272
2024-02-17 11:00:00,51721.66,51800.0,51677.23,51690.48,719.36495
2024-02-17 12:00:00,51690.47,51735.68,51558.32,51711.1,657.97943
2024-02-17 13:00:00,51711.1,51713.38,51088.1,51188.81,2893.39881
2024-02-17 14:00:00,51188.8,51329.61,50625.0,50841.09,3930.77253
2024-02-17 15:00:00,50841.09,51174.04,50642.85,50984.56,2182.56166
2024-02-17 16:00:00,50984.56,51027.15,50741.1,50951.25,1351.10919
2024-02-17 17:00:00,50951.26,51272.72,50944.67,51215.58,1415.0348
2024-02-17 18:00:00,51215.58,51291.78,51146.0,51263.95,818.98898
2024-02-17 19:00:00,51263.96,51444.0,51232.79,51394.43,802.19727
2024-02-17 20:00:00,51394.44,51561.01,51303.0,51514.0,729.10855
2024-02-17 21:00:00,51514.01,52030.18,51444.42,51803.8,1915.04775
2024-02-17 22:00:00,51803.8,51864.67,51590.0,51710.51,1048.33394
2024-02-17 23:00:00,51710.5,51739.13,51592.05,51642.64,555.79636
2024-02-18 00:00:00,51642.64,51764.32,51544.09,51676.95,743.93552
2024-02-18 01:00:00,51676.94,51798.99,51482.12,51530.83,884.45683
2024-02-18 02:00:00,51530.83,51554.39,51163.28,51277.99,1153.39167
2024-02-18 03:00:00,51277.99,51480.0,51256.93,51479.99,560.4231
2024-02-18 04:00:00,51479.99,51640.0,51477.4,51564.12,688.11702
2024-02-18 05:00:00,51564.12,51688.87,51541.24,51656.87,566.23677
2024-02-18 06:00:00,51656.88,51700.01,51405.52,51509.58,606.44072
2024-02-18 07:00:00,51509.57,51750.6,51446.1,51671.1,808.1139
2024-02-18 08:00:00,51671.1,51795.04,51644.0,51790.01,691.3785
2024-02-18 09:00:00,51790.0,52000.0,51790.0,51976.81,1158.1923
2024-02-18 10:00:00,51976.8,52069.0,51784.5,51830.83,899.70919
2024-02-18 11:00:00,51830.83,51836.68,51661.1,51832.01,695.81908
2024-02-18 12:00:00,51832.01,51865.2,51535.01,51554.06,1087.0307
2024-02-18 13:00:00,51554.06,51694.85,51541.1,51628.44,676.3383
2024-02-18 14:00:00,51628.44,51948.57,51628.43,51882.0,974.46199
2024-02-18 15:00:00,51882.0,51888.88,51727.16,51773.99,786.0794
2024-02-18 16:00:00,51774.0,51879.76,51649.19,51835.57,882.35461
2024-02-18 17:00:00,51835.57,51980.73,51786.81,51837.94,884.84524
2024-02-18 18:00:00,51837.93,51837.94,51647.25,51793.95,857.61582
2024-02-18 19:00:00,51793.96,51872.85,51691.61,51758.12,715.75078
2024-02-18 20:00:00,51758.13,51783.72,51587.4,51776.0,680.31258
2024-02-18 21:00:00,51776.01,51922.57,51754.94,51861.1,483.18353
2024-02-18 22:00:00,51861.1,52377.0,51824.12,52239.8,2449.14088
2024-02-18 23:00:00,52239.79,52350.0,51975.05,52137.67,2058.7752
2024-02-19 00:00:00,52137.68,52428.78,52101.87,52183.72,1646.47146
2024-02-19 01:00:00,52183.72,52187.62,51904.83,52092.06,1361.67412
2024-02-19 02:00:00,52092.06,52210.48,52092.06,52148.6,851.79074
2024-02-19 03:00:00,52148.6,52167.35,51977.12,52063.81,752.37547
2024-02-19 04:00:00,52063.8,52221.1,52020.61,52097.39,952.14245
2024-02-19 05:00:00,52097.38,52156.0,51989.21,52130.42,725.01109
2024-02-19 06:00:00,52130.43,52471.79,52130.42,52387.53,1697.7512
2024-02-19 07:00:00,52387.53,52488.77,52297.4,52394.04,1059.83048
2024-02-19 08:00:00,52394.04,52410.73,52063.52,52098.5,1163.91356
2024-02-19 09:00:00,52098.5,52365.26,52098.49,52262.99,1214.97997
2024-02-19 10:00:00,52262.98,52450.0,52163.14,52350.01,1368.4987
2024-02-19 11:00:00,52350.01,52423.77,52284.92,52336.22,922.83197
2024-02-19 12:00:00,52336.22,52454.11,52232.0,52271.09,1276.18628
2024-02-19 13:00:00,52271.09,52372.55,52117.4,52150.17,1536.68715
2024-02-19 14:00:00,52150.18,52202.68,52027.0,52100.0,1509.43734
2024-02-19 15:00:00,52100.0,52346.05,52028.93,52127.99,1349.87979
2024-02-19 16:00:00,52127.99,52230.0,51677.0,51775.76,2178.19956
2024-02-19 17:00:00,51775.76,52210.0,51688.69,52151.73,1971.50334
2024-02-19 18:00:00,52151.72,52200.0,51913.07,51926.61,1131.63654
2024-02-19 19:00:00,51926.62,51933.79,51781.04,51820.61,1085.7192
2024-02-19 20:00:00,51820.61,51933.2,51761.1,51798.99,834.88916
2024-02-19 21:00:00,51799.0,51920.73,51705.11,51904.42,995.05661
2024-02-19 22:00:00,51904.41,52110.0,51868.01,51936.42,943.17631
2024-02-19 23:00:00,51936.41,52013.11,51711.1,51774.73,1005.35183
2024-02-20 00:00:00,51774.74,51832.01,51500.0,51641.82,1720.30986
2024-02-20 01:00:00,51641.83,51709.99,51311.0,51631.15,1907.08974
2024-02-20 02:00:00,51631.14,51761.1,51550.0,51711.09,923.71736
2024-02-20 03:00:00,51711.09,51797.0,51574.0,51580.23,712.89149
2024-02-20 04:00:00,51580.23,51818.0,51510.0,51788.01,928.35852
2024-02-20 05:00:00,51788.0,51984.03,51754.87,51909.1,921.76247
2024-02-20 06:00:00,51909.1,52039.91,51899.99,51948.06,772.89817
2024-02-20 07:00:00,51948.06,51974.58,51801.0,51839.28,1095.95743
2024-02-20 08:00:00,51839.28,51883.22,51586.22,51776.8,1180.92112
2024-02-20 09:00:00,51776.8,51825.41,51560.0,51761.33,1812.05961
2024-02-20 10:00:00,51761.34,52120.0,51761.33,52119.99,1829.16437
2024-02-20 11:00:00,52120.0,52380.0,52119.99,52286.8,2623.99208
2024-02-20 12:00:00,52286.8,52395.0,52125.92,52178.92,1548.12369
2024-02-20 13:00:00,52178.93,52985.0,52141.68,52840.13,4731.24347
2024-02-20 14:00:00,52840.14,52864.22,51769.23,52048.74,6123.11806
2024-02-20 15:00:00,52048.74,52086.56,51340.0,51680.0,4900.14394
2024-02-20 16:00:00,51679.99,51798.98,51370.0,51396.33,2355.64595
2024-02-20 17:00:00,51396.34,51396.34,50760.37,51324.99,4482.28703
2024-02-20 18:00:00,51325.0,51544.46,51241.81,51509.89,1566.22934
2024-02-20 19:00:00,51509.89,52138.31,51431.5,52101.11,2014.47671
2024-02-20 20:00:00,52101.1,52215.85,51953.46,51990.63,1711.31343
2024-02-20 21:00:00,51990.62,52171.1,51901.1,52024.0,857.33006
2024-02-20 22:00:00,52024.01,52304.76,52006.0,52168.65,836.96284
2024-02-20 23:00:00,52168.65,52517.3,52162.77,52258.82,2058.47644
2024-02-21 00:00:00,52258.82,52366.8,52120.0,52174.2,1154.86381
2024-02-21 01:00:00,52174.2,52291.1,52050.01,52102.56,806.67295
2024-02-21 02:00:00,52102.55,52160.0,52041.1,52067.99,690.55691
2024-02-21 03:00:00,52067.99,52104.03,51988.91,52001.99,717.34587
2024-02-21 04:00:00,52002.0,52009.99,51818.01,51949.58,882.83023
2024-02-21 05:00:00,51949.57,52113.39,51817.25,51837.95,753.50661
2024-02-21 06:00:00,51837.95,51901.85,51672.0,51741.98,968.65139
2024-02-21 07:00:00,51741.97,51780.04,51452.45,51568.64,1459.17317
2024-02-21 08:00:00,51568.64,51787.04,51530.29,51667.84,1354.26908
2024-02-21 09:00:00,51667.85,51698.0,51000.93,51095.1,2744.41955
2024-02-21 10:00:00,51095.1,51413.33,50888.0,51271.1,3125.30749
2024-02-21 11:00:00,51271.1,51369.0,50813.0,50965.53,2156.35214
2024-02-21 12:00:00,50965.53,51392.14,50625.0,51310.7,3340.80061
2024-02-21 13:00:00,51310.69,51442.26,50900.0,51181.09,2373.86746
2024-02-21 14:00:00,51181.1,51208.6,50750.0,50929.99,3120.40522
2024-02-21 15:00:00,50930.0,51328.33,50841.1,51156.0,2818.50389
2024-02-21 16:00:00,51156.0,51426.0,51010.0,51346.39,2060.51339
2024-02-21 17:00:00,51346.39,51427.43,50890.0,50931.35,1933.49418
2024-02-21 18:00:00,50931.35,51107.21,50810.0,50855.83,1659.40184
2024-02-21 19:00:00,50855.82,51058.0,50649.28,51058.0,2100.67317
2024-02-21 20:00:00,51057.99,51129.18,50862.5,50957.94,1927.60322
2024-02-21 21:00:00,50957.94,51398.0,50945.46,51385.34,1807.67562
2024-02-21 22:00:00,51385.35,51525.0,51221.37,51511.1,1055.99571
2024-02-21 23:00:00,51511.11,51950.01,51487.93,51849.39,2066.51698
2024-02-22 00:00:00,51849.38,51878.18,51500.0,51532.57,1621.87014
2024-02-22 01:00:00,51532.58,51630.01,51153.69,51238.81,1393.36888
2024-02-22 02:00:00,51238.82,51490.0,51224.05,51418.36,1000.46115
2024-02-22 03:00:00,51418.37,51658.54,51372.6,51586.1,669.71706
2024-02-22 04:00:00,51586.1,51640.01,51352.0,51434.61,800.02942
2024-02-22 05:00:00,51434.62,51684.51,51421.87,51524.88,967.09202
2024-02-22 06:00:00,51524.89,51809.62,51524.88,51767.51,1076.48657
2024-02-22 07:00:00,51767.5,51910.32,51661.22,51827.63,1582.49944
2024-02-22 08:00:00,51827.63,51937.89,51672.42,51888.52,1596.21955
2024-02-22 09:00:00,51888.52,52034.12,51700.0,51945.31,1462.55867
2024-02-22 10:00:00,51945.31,51945.32,51588.36,51694.07,1152.65535
2024-02-22 11:00:00,51694.08,51699.99,51517.63,51622.04,1293.80778
2024-02-22 12:00:00,51622.05,51733.05,51424.28,51521.1,1263.21133
2024-02-22 13:00:00,51521.11,51543.84,50940.78,51164.02,2903.22242
2024-02-22 14:00:00,51164.01,51418.39,51060.0,51374.0,2301.40041
2024-02-22 15:00:00,51374.0,51674.17,51286.2,51602.4,2137.27392
2024-02-22 16:00:00,51602.41,51750.01,51400.0,51479.09,1578.77911
2024-02-22 17:00:00,51479.1,51731.1,51454.01,51697.4,1229.96141
2024-02-22 18:00:00,51697.4,51720.87,51501.0,51718.81,1083.34154
2024-02-22 19:00:00,51718.82,51718.82,51460.8,51509.99,1412.76654
2024-02-22 20:00:00,51509.99,52065.78,51461.1,51995.58,3121.92839
2024-02-22 21:00:00,51995.59,52007.65,51545.26,51656.96,1264.97024
2024-02-22 22:00:00,51656.96,51717.87,51184.04,51456.01,1357.06045
2024-02-22 23:00:00,51456.01,51482.69,51230.0,51288.42,1038.76395
2024-02-23 00:00:00,51288.42,51483.09,51263.53,51455.85,835.28774
2024-02-23 01:00:00,51455.84,51548.54,51310.41,51311.11,744.66619
2024-02-23 02:00:00,51311.11,51426.0,51035.52,51096.39,1056.04694
2024-02-23 03:00:00,51096.38,51169.99,50971.11,51100.0,2059.56349
2024-02-23 04:00:00,51100.0,51321.92,51003.0,51219.59,1017.60517
2024-02-23 05:00:00,51219.59,51239.43,51116.0,51236.01,760.84053
2024-02-23 06:00:00,51236.0,51313.99,51211.1,51301.11,606.28765
2024-02-23 07:00:00,51301.1,51301.11,50889.0,50915.96,1574.15652
2024-02-23 08:00:00,50915.95,51170.0,50830.0,50958.54,1594.2256
2024-02-23 09:00:00,50958.55,51066.66,50870.1,51009.38,1543.80118
2024-02-23 10:00:00,51009.38,51174.56,50965.81,51171.09,840.94568
2024-02-23 11:00:00,51171.09,51263.22,51141.2,51218.95,783.12054
2024-02-23 12:00:00,51218.94,51225.25,50926.21,50994.01,1388.692
2024-02-23 13:00:00,50994.0,51095.0,50925.02,51058.2,1238.2768
2024-02-23 14:00:00,51058.21,51333.47,50800.32,51126.0,3375.71574
2024-02-23 15:00:00,51126.0,51126.0,50833.02,50911.11,2300.14381
2024-02-23 16:00:00,50911.1,51121.01,50629.33,51053.07,2839.21808
2024-02-23 17:00:00,51053.08,51172.91,50974.0,51139.14,1041.56099
2024-02-23 18:00:00,51139.13,51193.69,51000.0,51103.76,935.76244
2024-02-23 19:00:00,51103.76,51195.18,51032.88,51099.09,834.13729
2024-02-23 20:00:00,51099.09,51162.04,50961.1,51079.21,916.76695
2024-02-23 21:00:00,51079.2,51094.64,50986.12,50986.12,415.23666
2024-02-23 22:00:00,50986.12,51025.31,50750.0,50788.01,540.28101
2024-02-23 23:00:00,50788.0,50916.66,50521.0,50744.15,1303.45644
2024-02-24 00:00:00,50744.15,50907.14,50694.71,50889.2,895.68617
2024-02-24 01:00:00,50889.19,50891.1,50590.0,50590.01,794.3898
2024-02-24 02:00:00,50590.01,50800.0,50585.0,50799.99,496.12804
2024-02-24 03:00:00,50799.98,50857.12,50682.0,50849.97,589.22938
2024-02-24 04:00:00,50849.96,51008.57,50826.47,50953.96,506.96508
2024-02-24 05:00:00,50953.96,51062.0,50922.0,51047.36,589.47885
2024-02-24 06:00:00,51047.36,51060.0,50944.19,50969.81,604.17619
2024-02-24 07:00:00,50969.8,51103.87,50938.78,51068.7,723.74155
2024-02-24 08:00:00,51068.7,51118.09,50953.0,50994.92,596.23664
2024-02-24 09:00:00,50994.92,51119.99,50986.82,51091.1,519.32455
2024-02-24 10:00:00,51091.1,51172.06,51074.28,51090.01,627.5303
2024-02-24 11:00:00,51090.01,51135.04,51034.39,51119.79,707.23643
2024-02-24 12:00:00,51119.79,51126.01,51032.34,51076.55,459.63346
2024-02-24 13:00:00,51076.55,51180.41,51055.0,51140.0,586.36686
2024-02-24 14:00:00,51140.0,51161.1,51072.65,51139.3,502.39947
2024-02-24 15:00:00,51139.31,51150.04,51099.34,51099.34,442.04811
2024-02-24 16:00:00,51099.35,51215.04,51094.99,51215.04,543.12787
2024-02-24 17:00:00,51215.03,51698.0,51215.03,51533.99,2114.43892
2024-02-24 18:00:00,51533.99,51694.16,51407.07,51434.96,1331.65362
2024-02-24 19:00:00,51434.97,51638.92,51434.96,51557.07,645.16611
2024-02-24 20:00:00,51557.08,51585.94,51437.84,51511.54,608.69189
2024-02-24 21:00:00,51511.54,51638.9,51468.24,51562.32,655.49261
2024-02-24 22:00:00,51562.32,51666.0,51556.6,51556.61,511.93592
2024-02-24 23:00:00,51556.6,51651.1,51497.57,51568.22,509.34328
2024-02-25 00:00:00,51568.21,51581.1,51442.31,51486.86,490.41291
2024-02-25 01:00:00,51486.85,51687.8,51438.88,51684.01,758.60335
2024-02-25 02:00:00,51684.01,51898.72,51550.01,51602.05,1537.29766
2024-02-25 03:00:00,51602.06,51628.42,51456.98,51624.99,815.40513
2024-02-25 04:00:00,51625.0,51626.84,51509.0,51617.56,489.30627
2024-02-25 05:00:00,51617.56,51726.23,51594.0,51669.32,539.24031
2024-02-25 06:00:00,51669.33,51800.03,51630.31,51756.88,814.56168
2024-02-25 07:00:00,51756.88,51774.21,51681.46,51719.28,464.24459
2024-02-25 08:00:00,51719.28,51777.64,51582.81,51606.36,549.61285
2024-02-25 09:00:00,51606.35,51650.0,51531.73,51639.51,534.85316
2024-02-25 10:00:00,51639.51,51679.99,51556.67,51576.01,482.76694
2024-02-25 11:00:00,51576.0,51700.01,51553.29,51645.0,430.95874
2024-02-25 12:00:00,51645.0,51668.02,51585.36,51656.46,419.69797
2024-02-25 13:00:00,51656.46,51693.59,51554.53,51612.92,580.57793
2024-02-25 14:00:00,51612.93,51780.0,51600.0,51741.22,974.65689
2024-02-25 15:00:00,51741.22,51759.73,51436.67,51524.02,1040.13411
2024-02-25 16:00:00,51524.02,51626.0,51279.8,51378.48,1697.12356
2024-02-25 17:00:00,51378.49,51578.44,51355.51,51559.97,602.51743
2024-02-25 18:00:00,51559.97,51579.99,51498.83,51579.98,449.16565
2024-02-25 19:00:00,51579.99,51738.85,51510.79,51672.96,1106.98198
2024-02-25 20:00:00,51672.97,51958.55,51672.36,51735.8,1914.47478
2024-02-25 21:00:00,51735.8,51780.0,51640.88,51766.84,709.78535
2024-02-25 22:00:00,51766.83,51860.0,51655.76,51702.01,658.06329
2024-02-25 23:00:00,51702.0,51803.26,51670.0,51728.85,661.18906
2024-02-26 00:00:00,51728.85,51796.5,51621.06,51678.9,864.92638
2024-02-26 01:00:00,51678.9,51698.33,51473.17,51473.17,670.35056
2024-02-26 02:00:00,51473.17,51546.0,51428.0,51432.92,638.00952
2024-02-26 03:00:00,51432.92,51564.0,51400.0,51555.59,676.28034
2024-02-26 04:00:00,51555.6,51588.88,51473.42,51534.24,635.90437
2024-02-26 05:00:00,51534.23,51598.06,51431.1,51569.0,713.52402
2024-02-26 06:00:00,51569.0,51598.06,51484.21,51521.09,540.98926
2024-02-26 07:00:00,51521.08,51521.09,51288.18,51293.26,1075.19329
2024-02-26 08:00:00,51293.26,51374.66,51250.15,51250.16,1005.19285
2024-02-26 09:00:00,51250.16,51304.23,50901.44,50949.99,2216.38332
2024-02-26 10:00:00,50950.0,51246.0,50939.6,51170.58,1223.7212
2024-02-26 11:00:00,51170.58,51217.66,51044.0,51090.01,983.60262
2024-02-26 12:00:00,51090.01,51233.83,50957.0,51233.82,1118.15238
2024-02-26 13:00:00,51233.82,51437.29,51203.95,51228.5,1307.24404
2024-02-26 14:00:00,51228.49,51718.6,51207.4,51687.02,1712.59512
2024-02-26 15:00:00,51687.03,52847.84,51642.08,52842.32,7623.17786
2024-02-26 16:00:00,52842.33,53647.71,52753.28,53391.02,8320.61729
2024-02-26 17:00:00,53391.01,53510.0,53214.26,53502.6,3096.24017
2024-02-26 18:00:00,53502.61,53620.0,53294.39,53591.09,2385.79157
2024-02-26 19:00:00,53591.1,54512.02,53428.16,54487.11,6128.73376
2024-02-26 20:00:00,54487.1,54910.0,54258.2,54448.09,3908.33581
2024-02-26 21:00:00,54448.1,54736.99,54313.65,54642.89,1747.16973
2024-02-26 22:00:00,54642.89,54807.4,54460.01,54659.79,1504.84791
2024-02-26 23:00:00,54659.78,54659.79,54439.42,54476.47,1159.73862
2024-02-27 00:00:00,54476.48,54638.0,54450.13,54554.93,1454.51632
2024-02-27 01:00:00,54554.94,55795.52,54508.78,55768.41,4439.8143
2024-02-27 02:00:00,55768.41,57073.84,55592.0,56298.48,7459.1001
2024-02-27 03:00:00,56298.47,56530.09,55517.44,55667.6,3869.26358
2024-02-27 04:00:00,55667.6,56099.52,55576.12,55737.99,2251.01229
2024-02-27 05:00:00,55738.0,56204.79,55645.53,56066.01,2044.18467
2024-02-27 06:00:00,56066.02,56448.0,56046.0,56363.0,1772.35908
2024-02-27 07:00:00,56363.01,56378.46,55805.0,56059.08,2745.85
2024-02-27 08:00:00,56059.09,56456.77,56023.8,56235.99,1911.14045
2024-02-27 09:00:00,56235.99,56760.72,56161.6,56615.94,2740.72085
2024-02-27 10:00:00,56615.94,56818.02,56366.06,56528.25,2118.45421
2024-02-27 11:00:00,56528.25,56579.56,56321.1,56527.79,1491.81806
2024-02-27 12:00:00,56527.8,57416.93,56457.26,56786.95,4439.13859
2024-02-27 13:00:00,56786.96,57200.0,56605.93,57112.29,3976.70789
2024-02-27 14:00:00,57112.28,57331.28,56650.01,56976.33,3558.50211
2024-02-27 15:00:00,56976.34,57299.0,56600.0,56745.66,3729.37291
2024-02-27 16:00:00,56745.66,57168.97,56209.0,57040.01,3704.59835
2024-02-27 17:00:00,57040.01,57200.0,56660.0,56759.99,2208.82915
2024-02-27 18:00:00,56759.99,57128.77,56676.0,57111.1,1626.52377
2024-02-27 19:00:00,57111.11,57588.15,56916.01,57339.68,2462.06569
2024-02-27 20:00:00,57339.69,57359.0,56681.51,56967.89,3409.81369
2024-02-27 21:00:00,56967.89,57000.0,56579.84,56703.32,1680.98419
2024-02-27 22:00:00,56703.33,56992.28,56634.28,56892.91,1041.03225
2024-02-27 23:00:00,56892.91,57105.45,56843.46,57037.34,1059.18312
2024-02-28 00:00:00,57037.35,57100.0,56868.72,57015.34,1079.69837
2024-02-28 01:00:00,57015.34,57101.1,56763.86,56772.64,1052.14505
2024-02-28 02:00:00,56772.64,56978.99,56691.85,56925.1,815.151
2024-02-28 03:00:00,56925.1,56964.09,56842.01,56916.4,656.54154
2024-02-28 04:00:00,56916.39,57271.44,56894.16,57207.5,1183.99506
2024-02-28 05:00:00,57207.49,57270.0,57057.14,57080.68,864.37314
2024-02-28 06:00:00,57080.67,57193.17,57053.02,57185.81,789.28853
2024-02-28 07:00:00,57185.81,58379.57,57144.99,58241.1,4799.2248
2024-02-28 08:00:00,58241.09,59487.88,58171.11,59448.42,7089.75606
2024-02-28 09:00:00,59448.42,59485.53,58840.81,59300.01,4715.06668
2024-02-28 10:00:00,59300.01,59361.88,59010.01,59266.02,2990.3791
2024-02-28 11:00:00,59266.01,59494.06,58500.0,58941.11,4429.0011
2024-02-28 12:00:00,58941.11,59433.49,58891.1,59354.2,3196.55254
2024-02-28 13:00:00,59354.2,60800.0,59309.73,60454.77,9734.41519
2024-02-28 14:00:00,60454.76,61184.64,59800.0,60971.11,6963.38265
2024-02-28 15:00:00,60971.11,61360.0,60591.1,60966.22,6474.56782
2024-02-28 16:00:00,60966.22,62478.0,60931.1,62412.01,6697.27512
2024-02-28 17:00:00,62412.0,64000.0,58700.0,61358.6,23219.73689
2024-02-28 18:00:00,61358.59,61500.02,59200.0,61101.99,10065.13269
2024-02-28 19:00:00,61102.0,61496.61,60610.0,60951.11,5433.4234
2024-02-28 20:00:00,60951.1,61099.0,59932.2,60403.21,5777.99709
2024-02-28 21:00:00,60403.2,60605.0,59797.57,60550.46,3503.10263
2024-02-28 22:00:00,60550.45,61375.0,60496.38,61274.94,2774.8148
2024-02-28 23:00:00,61274.95,62647.04,61264.34,62432.1,4458.44859
2024-02-29 00:00:00,62432.11,62438.22,61200.11,61359.99,3948.13308
2024-02-29 01:00:00,61359.99,61516.01,61021.1,61376.07,2210.5603
2024-02-29 02:00:00,61376.06,61742.01,61081.1,61740.29,2054.49875
2024-02-29 03:00:00,61740.3,61740.3,61132.05,61561.33,1870.83638
2024-02-29 04:00:00,61561.34,62675.22,61334.59,62443.9,3155.73295
2024-02-29 05:00:00,62443.89,62666.66,61811.1,62540.91,2736.43945
2024-02-29 06:00:00,62540.91,63676.35,62481.1,63000.0,5844.62256
2024-02-29 07:00:00,63000.01,63158.8,62548.75,62707.17,3194.35961
2024-02-29 08:00:00,62707.17,63125.55,62318.38,62785.28,4218.17488
2024-02-29 09:00:00,62785.29,62963.46,62259.14,62686.39,2290.03437
2024-02-29 10:00:00,62686.38,62779.69,62111.1,62703.29,2306.60347
2024-02-29 11:00:00,62703.29,63340.95,62602.0,62936.02,3103.99204
2024-02-29 12:00:00,62936.02,63035.88,62300.14,62661.05,2788.00282
2024-02-29 13:00:00,62661.05,63040.0,62051.11,62931.66,3475.87367
2024-02-29 14:00:00,62931.66,63531.88,62761.1,62902.77,4152.43431
2024-02-29 15:00:00,62902.78,63288.0,62566.01,62768.02,2560.43081
2024-02-29 16:00:00,62768.01,62879.3,61501.0,62171.97,4698.8936
2024-02-29 17:00:00,62171.97,62406.7,60501.0,60982.35,6167.99495
2024-02-29 18:00:00,60982.35,61510.0,60364.7,60800.0,3616.29438
2024-02-29 19:00:00,60799.99,61635.95,60605.93,61600.0,2635.05817
2024-02-29 20:00:00,61599.99,62285.47,61521.73,61934.73,3755.2201
2024-02-29 21:00:00,61934.73,61999.75,60584.07,61374.94,4040.13908
2024-02-29 22:00:00,61374.95,61474.81,60672.82,61224.02,1906.5663
2024-02-29 23:00:00,61224.02,61536.94,60998.51,61130.98,1694.18
